date;match;tournament;player;oponent;player_wins;oponent_wins;best_of;tournament_tier;target
2026-01-13;Qual. (S);Rongyi Cup S3: Qualifier #3;Nice;Gerald;1;2;3;S;0
2026-01-12;Week. (B);Monday Night Weeklies #36;Nice;Bunny;0;1;1;B;0
2026-01-12;Week. (B);Monday Night Weeklies #36;Nice;Nicoract;1;0;1;B;1
2026-01-12;Week. (B);Monday Night Weeklies #36;Nice;Reynor;0;2;3;B;0
2026-01-12;Week. (B);WardiTV Mondays #69;Nice;Classic;0;2;3;B;0
2026-01-11;Qual. (S);Rongyi Cup S3: Qualifier #1;Nice;Creator;1;2;3;S;0
2026-01-06;Week. (B);PiGosaur Cup #63;Nice;Cure;0;2;3;B;0
2026-01-05;Week. (B);WardiTV Mondays #68;Nice;trigger;0;2;3;B;0
2026-01-04;Qual. (A);OSC Champ S13 Challenger C;Nice;Mixu;1;3;5;A;0
2026-01-04;Qual. (A);OSC Champ S13 Challenger C;Nice;ART;2;3;5;A;0
2026-01-04;Qual. (A);OSC Champ S13 Challenger C;Nice;NightPhoenix;2;0;3;A;1
2026-01-04;Qual. (A);OSC Champ S13 Challenger C;Nice;UedSoldier;2;1;3;A;1
2026-01-03;Mon. (B);Korean Starcraft League #84;Nice;herO;1;2;3;B;0
2025-12-18;A-Tier;WardiTV 2025 - Championship Bracket;Nice;Creator;0;3;5;A;0
2025-12-16;A-Tier;WardiTV 2025 - Championship Bracket;Nice;YoungYakov;3;1;5;A;1
2025-12-16;A-Tier;WardiTV 2025 - Championship Bracket;Nice;Rogue;0;3;5;A;0
2025-12-16;Week. (B);Sparkling Tuna Cup #115;Nice;Ryung;0;2;3;B;0
2025-12-16;Week. (B);Sparkling Tuna Cup #115;Nice;LetaleX;2;0;3;B;1
2025-12-16;Week. (B);PiGosaur Cup #62;Nice;Cure;0;2;3;B;0
2025-12-16;Week. (B);PiGosaur Cup #62;Nice;ByuN;2;1;3;B;1
2025-12-15;Week. (B);WardiTV Mondays #65;Nice;ByuN;0;2;3;B;0
2025-12-11;A-Tier;WardiTV 2025 - Group Stage;Nice;Elazer;2;0;3;A;1
2025-12-11;A-Tier;WardiTV 2025 - Group Stage;Nice;Bunny;0;2;3;A;0
2025-12-11;A-Tier;WardiTV 2025 - Group Stage;Nice;uThermal;2;1;3;A;1
2025-12-11;A-Tier;WardiTV 2025 - Group Stage;Nice;Creator;1;2;3;A;0
2025-12-11;Biw. (B);Tenacious Turtle Tussle #37;Nice;Mixu;0;2;3;B;0
2025-12-09;Week. (B);PiGosaur Cup #61;Nice;cellsidus;0;2;3;B;0
2025-12-08;Week. (B);Monday Night Weeklies #33;Nice;herO;0;1;1;B;0
2025-12-08;Week. (B);WardiTV Mondays #64;Nice;SHIN;1;2;3;B;0
2025-12-08;Week. (B);Monday Night Weeklies #33;Nice;MaNa;0;2;3;B;0
2025-12-03;Qual. (A);WardiTV 2025 Q4;Nice;YoungYakov;2;1;3;A;1
2025-12-03;Qual. (A);WardiTV 2025 Q4;Nice;ByuN;0;2;3;A;0
2025-12-03;Qual. (A);WardiTV 2025 Q4;Nice;goblin;2;1;3;A;1
2025-12-02;Qual. (A);WardiTV 2025 Q3;Nice;Scarlett;0;2;3;A;0
2025-12-02;Week. (B);PiGosaur Cup #60;Nice;YoungYakov;0;2;3;B;0
2025-12-01;Week. (B);Monday Night Weeklies #32;Nice;Percival;0;1;1;B;0
2025-12-01;Week. (B);Monday Night Weeklies #32;Nice;Creator;0;2;3;B;0
2025-12-01;Week. (B);Monday Night Weeklies #32;Nice;HeRoMaRinE;2;0;3;B;1
2025-11-27;Biw. (B);Tenacious Turtle Tussle #36;Nice;Percival;1;2;3;B;0
2025-11-27;Biw. (B);Tenacious Turtle Tussle #36;Nice;CoralViper;2;0;3;B;1
2025-11-26;Qual. (A);WardiTV 2025 Q2;Nice;Lemon;1;2;3;A;0
2025-11-25;Qual. (A);WardiTV 2025 Q1;Nice;Gerald;0;2;3;A;0
2025-11-25;Week. (B);PiGosaur Cup #59;Nice;Cure;0;2;3;B;0
2025-11-18;Week. (B);PiGosaur Cup #58;Nice;herO;0;2;3;B;0
2025-11-18;Week. (B);PiGosaur Cup #58;Nice;ReBellioN;2;1;3;B;1
2025-10-14;B-Tier;OSC 2025 MSP #2;Nice;Cham;0;3;5;B;0
2025-10-07;Week. (B);PiGosaur Cup #52;Nice;ByuN;0;2;3;B;0
2025-10-07;Week. (B);PiGosaur Cup #52;Nice;FoxeR;2;0;3;B;1
2025-09-09;Week. (B);PiGosaur Cup #48;Nice;herO;0;2;3;B;0
2025-09-09;Week. (B);PiGosaur Cup #48;Nice;Mute;2;0;3;B;1
2025-09-08;Week. (B);Monday Night Weeklies #22;Nice;Cellsidus;0;1;1;B;0
2025-09-08;Week. (B);Monday Night Weeklies #22;Nice;NightMare;0;2;3;B;0
2025-08-09;Week. (C);SRC#211;Nice;JoliwaLoves;3;0;5;C;1
2025-08-09;Week. (C);SRC#211;Nice;月野鹿;2;0;3;C;1
2025-08-09;Week. (C);SRC#211;Nice;NightStalker;2;1;3;C;1
2025-08-09;Week. (C);SRC#211;Nice;小八;2;0;3;C;1
2025-08-09;Qual. (A);RSL Revival: Season 2 Korea Qualifier;Nice;Lemon;0;2;3;A;0
2025-08-08;Week. (B);LiuLi Cup Weekly #1;Nice;Lambo;0;2;3;B;0
2025-08-08;Qual. (A);RSL Revival: Season 2 Americas Qualifier;Nice;sOs;0;2;3;A;0
2025-08-02;Biw. (B);Korean Starcraft League #78;Nice;Classic;1;2;3;B;0
2025-08-02;Biw. (B);Korean Starcraft League #78;Nice;Guilliman;2;0;3;B;1
2025-06-14;Biw. (B);Korean Starcraft League #76;Nice;Classic;1;2;3;B;0
2025-05-30;Qual. (S);EWC 2025 Asia Quali - Bracket;Nice;Silky;2;3;5;S;0
2025-05-30;Qual. (S);EWC 2025 Asia Quali - Bracket;Nice;Lemon;0;3;5;S;0
2025-05-30;Qual. (S);EWC 2025 Asia Quali - Bracket;Nice;Jieshi;3;0;5;S;1
2025-05-28;Qual. (S);EWC 2025 Asia Quali - Bracket;Nice;Jieshi;3;0;5;S;1
2025-05-28;Qual. (S);EWC 2025 Asia Quali - Bracket;Nice;Oriana;2;0;3;S;1
2025-05-26;Week. (B);WardiTV Mondays #37;Nice;MaxPax;1;2;3;B;0
2025-05-26;Week. (B);WardiTV Mondays #37;Nice;Nicoract;2;0;3;B;1
2025-05-26;Week. (B);WardiTV Mondays #37;Nice;Azura;2;0;3;B;1
2025-05-12;Week. (B);WardiTV Mondays #35;Nice;ByuN;0;2;3;B;0
2025-05-05;Week. (B);Monday Night Weeklies #16;Nice;ByuN;0;2;3;B;0
2025-04-30;Qual. (A);BGE 2025: Wildcard Qualifier;Nice;Gerald;0;2;3;A;0
2025-04-30;Qual. (A);BGE 2025: Wildcard Qualifier;Nice;Fjant;2;0;3;A;1
2025-04-23;Qual. (A);PiG Sty Festival 6.0 Q1;Nice;Creator;2;3;5;A;0
2025-04-23;Qual. (A);PiG Sty Festival 6.0 Q1;Nice;Epic;2;0;3;A;1
2025-04-23;Qual. (A);PiG Sty Festival 6.0 Q1;Nice;Patches;2;0;3;A;1
2025-04-19;Biw. (B);Korean Starcraft League #73;Nice;Bunny;0;2;3;B;0
2025-04-14;Week. (B);Monday Night Weeklies #13;Nice;ByuN;0;1;1;B;0
2025-04-14;Week. (B);Monday Night Weeklies #13;Nice;trigger;1;0;1;B;1
2025-04-14;Week. (B);Monday Night Weeklies #13;Nice;Gerald;1;0;1;B;1
2025-04-14;Week. (B);Monday Night Weeklies #13;Nice;MaxPax;1;2;3;B;0
2025-04-10;B-Tier;Rex April Madness - Group B;Nice;Classic;0;3;5;B;0
2025-04-10;B-Tier;Rex April Madness - Group B;Nice;Clem;0;2;3;B;0
2025-04-07;Week. (B);Monday Night Weeklies #12;Nice;MaxPax;0;1;1;B;0
2025-04-07;Week. (B);Monday Night Weeklies #12;Nice;Creator;1;0;1;B;1
2025-04-07;Week. (B);Monday Night Weeklies #12;Nice;Clem;0;2;3;B;0
2025-03-31;Week. (B);Monday Night Weeklies #11;Nice;Bunny;0;1;1;B;0
2025-03-31;Week. (B);Monday Night Weeklies #11;Nice;Gerald;1;0;1;B;1
2025-03-31;Week. (B);Monday Night Weeklies #11;Nice;MaxPax;0;2;3;B;0
2025-03-24;Week. (B);WardiTV Mondays #28;Nice;herO;0;2;3;B;0
2025-03-10;Week. (B);WardiTV Mondays #26;Nice;MaxPax;0;2;3;B;0
2025-02-27;Week. (B);Tenacious Turtle Tussle #28;Nice;Gerald;0;2;3;B;0
2025-02-27;Week. (B);Tenacious Turtle Tussle #28;Nice;Ateshi;2;0;3;B;1
2025-02-24;Week. (B);Monday Night Weeklies #6;Nice;MaxPax;0;1;1;B;0
2025-02-24;Week. (B);Monday Night Weeklies #6;Nice;Rodzyn;1;0;1;B;1
2025-02-24;Week. (B);Monday Night Weeklies #6;Nice;Gerald;1;0;1;B;1
2025-02-24;Week. (B);WardiTV Mondays #24;Nice;Cure;0;2;3;B;0
2025-02-24;Week. (B);PiGosaur Monday #20;Nice;SHIN;1;2;3;B;0
2025-02-03;Week. (B);WardiTV Mondays #21;Nice;herO;1;2;3;B;0
2025-01-20;Week. (B);WardiTV Mondays #19;Nice;SHIN;0;2;3;B;0
2025-01-13;Week. (B);PiGosaur Monday #15;Nice;herO;0;2;3;B;0
2025-01-13;Week. (B);PiGosaur Monday #15;Nice;Percival;2;0;3;B;1
2025-01-06;Week. (B);PiGosaur Monday #14;Nice;herO;0;2;3;B;0
2025-01-06;Week. (B);PiGosaur Monday #14;Nice;Replicant;2;0;3;B;1
2024-11-25;Week. (B);PiGosaur Monday #8;Nice;Gerald;0;2;3;B;0
2024-09-30;Week. (B);Ursasaurus Cup #4;Nice;Gerald;0;2;3;B;0
2024-09-30;Week. (B);Ursasaurus Cup #4;Nice;Tatagiba;2;0;3;B;1
2024-09-21;Biw. (B);Korean Starcraft League #59;Nice;NightMare;0;2;3;B;0
2024-08-12;Week. (B);ESL Open Cup #240 Americas;Nice;Mixu;1;2;3;B;0
2024-08-12;Week. (B);ESL Open Cup #240 Americas;Nice;Patches;2;0;3;B;1
2024-08-12;Week. (B);ESL Open Cup #240 Americas;Nice;SlayersMvP;2;0;3;B;1
2024-07-22;Week. (B);ESL Open Cup #237 Korea;Nice;ByuN;0;2;3;B;0
2024-07-15;Week. (B);ESL Open Cup #236 Americas;Nice;Shameless;0;2;3;B;0
2024-07-15;Week. (B);ESL Open Cup #236 Americas;Nice;DisReSpeCT;2;0;3;B;1
2024-07-15;Week. (B);ESL Open Cup #236 Americas;Nice;Djorjx;2;1;3;B;1
2024-07-06;Biw. (B);Korean Starcraft League #54;Nice;Classic;0;2;3;B;0
2024-07-06;Biw. (B);Korean Starcraft League #54;Nice;Praetor;2;0;3;B;1
2024-07-05;Qual. (S);EWC 2024 AS Qualifier;Nice;Firefly;0;2;3;S;0
2024-07-05;Qual. (S);EWC 2024 AS Qualifier;Nice;Jim;2;0;3;S;1
2024-07-01;Week. (B);ESL Open Cup #234 Korea;Nice;NightMare;1;2;3;B;0
2024-06-22;Week. (C);SRC#167;Nice;Nanami;3;2;5;C;1
2024-06-22;Week. (C);SRC#167;Nice;Lemon;2;0;3;C;1
2024-06-22;Week. (C);SRC#167;Nice;千年之狐;2;0;3;C;1
2024-06-22;Week. (C);SRC#167;Nice;YoungZest;2;0;3;C;1
2024-06-22;Biw. (B);Korean Starcraft League #53;Nice;Cyan;0;2;3;B;0
2024-06-16;Week. (C);Sparkling Tuna Cup #53;Nice;Krystianer;3;1;5;C;1
2024-06-16;Week. (C);Sparkling Tuna Cup #53;Nice;Nicoract;2;0;3;C;1
2024-06-16;Week. (C);Sparkling Tuna Cup #53;Nice;ReBellioN;2;0;3;C;1
2024-06-16;Week. (C);Sparkling Tuna Cup #53;Nice;Abathoor;2;0;3;C;1
2024-06-10;Week. (B);ESL Open Cup #231 Americas;Nice;ByuN;0;2;3;B;0
2024-06-10;Week. (B);ESL Open Cup #231 Americas;Nice;Jason;2;0;3;B;1
2024-06-05;Week. (B);KFC 2024 S1 #5;Nice;MaxPax;0;2;3;B;0
2024-06-05;Week. (B);KFC 2024 S1 #5;Nice;Oliveira;2;1;3;B;1
2024-06-01;S-Tier;ESL Spring - Knockout Stage;Nice;GuMiho;0;3;5;S;0
2024-05-31;S-Tier;ESL Spring - Group B;Nice;Reynor;0;2;3;S;0
2024-05-31;S-Tier;ESL Spring - Group B;Nice;Serral;0;2;3;S;0
2024-05-05;B-Tier;GG Cup #3;Nice;Lemon;3;2;5;B;1
2024-05-05;B-Tier;GG Cup #3;Nice;GogojOey;3;2;5;B;1
2024-05-04;B-Tier;GG Cup #3;Nice;NaXin;2;0;3;B;1
2024-04-28;A-Tier;ESL Spring: Asia - Playoffs;Nice;Coffee;0;3;5;A;0
2024-04-27;A-Tier;ESL Spring: Asia - Playoffs;Nice;Oliveira;0;3;5;A;0
2024-04-26;A-Tier;ESL Spring: Asia - Playoffs;Nice;Jieshi;3;2;5;A;1
2024-04-25;A-Tier;ESL Spring: Asia - Playoffs;Nice;Nanami;3;2;5;A;1
2024-04-20;A-Tier;ESL Spring: Asia - R 4;Nice;Cyan;2;1;3;A;1
2024-04-18;Qual. (S);2024 GSL S2: Qualifier - Round 2;Nice;Classic;0;2;3;S;0
2024-04-18;Qual. (S);2024 GSL S2: Qualifier - Round 2;Nice;ByuN;0;2;3;S;0
2024-04-18;Qual. (S);2024 GSL S2: Qualifier - Round 1;Nice;NightMare;1;2;3;S;0
2024-04-18;Qual. (S);2024 GSL S2: Qualifier - Round 1;Nice;INnoColoR;2;0;3;S;1
2024-04-18;Qual. (S);2024 GSL S2: Qualifier - Round 1;Nice;Reynor;0;2;3;S;0
2024-04-18;Qual. (S);2024 GSL S2: Qualifier - Round 1;Nice;HonMonO;2;0;3;S;1
2024-04-16;A-Tier;ESL Spring: Asia - R 3;Nice;Has;2;0;3;A;1
2024-04-14;A-Tier;ESL Spring: Asia - R 2;Nice;Misaki;2;1;3;A;1
2024-04-11;A-Tier;ESL Spring: Asia - R 1;Nice;Lemon;1;2;3;A;0
2024-04-08;Week. (B);ESL Open Cup #222 Americas;Nice;trigger;1;2;3;B;0
2024-04-08;Week. (B);ESL Open Cup #222 Americas;Nice;JonBom;2;0;3;B;1
2024-04-06;Week. (C);SRC#158;Nice;Nanami;3;1;5;C;1
2024-04-06;Week. (C);SRC#158;Nice;望夜的星星;2;1;3;C;1
2024-04-06;Week. (C);SRC#158;Nice;smile;2;0;3;C;1
2024-04-06;Week. (C);SRC#158;Nice;南玖;2;1;3;C;1
2024-03-31;Week. (C);Sparkling Tuna Cup #45;Nice;Rostok;1;2;3;C;0
2024-03-31;Week. (C);Sparkling Tuna Cup #45;Nice;Lemon;2;1;3;C;1
2024-03-31;Week. (C);Sparkling Tuna Cup #45;Nice;Gref;2;0;3;C;1
2024-03-24;Week. (C);Sparkling Tuna Cup #44;Nice;Nikich;1;2;3;C;0
2024-03-24;Week. (C);Sparkling Tuna Cup #44;Nice;Shameless;2;1;3;C;1
2024-03-24;Qual. (B);WardiTV March Invitational: Qualifier;Nice;ForJumy;1;2;3;B;0
2024-03-24;Week. (C);Sparkling Tuna Cup #44;Nice;BlueKnight;2;0;3;C;1
2024-03-23;Week. (C);SRC#156;Nice;Cyan;1;2;3;C;0
2024-03-23;Week. (C);SRC#156;Nice;JVJIONG;2;0;3;C;1
2024-03-17;Week. (C);Sparkling Tuna Cup #43;Nice;Nicoract;3;2;5;C;1
2024-03-17;Week. (C);Sparkling Tuna Cup #43;Nice;Nikich;2;0;3;C;1
2024-03-17;Week. (C);Sparkling Tuna Cup #43;Nice;Erik;2;1;3;C;1
2024-03-17;Week. (C);Sparkling Tuna Cup #43;Nice;ReBellioN;2;1;3;C;1
2024-03-15;Qual. (S);StarsWar 11: Asia Qualifiers - Bracket;Nice;Coffee;0;2;3;S;0
2024-03-14;Qual. (S);StarsWar 11: Asia Qualifiers - Bracket;Nice;Blue;2;1;3;S;1
2024-03-13;Qual. (S);StarsWar 11: Asia Qualifiers - Bracket;Nice;Nanami;2;0;3;S;1
2024-03-13;Qual. (S);StarsWar 11: Asia Qualifiers - Bracket;Nice;Cyan;1;2;3;S;0
2024-03-03;Showm. (B);LiuLi Cup #17;Nice;Coffee;1;4;5;B;0
2024-03-03;Week. (C);Sparkling Tuna Cup #42;Nice;Gerald;2;3;5;C;0
2024-03-03;Week. (C);Sparkling Tuna Cup #42;Nice;LunaSea;2;1;3;C;1
2024-03-03;Week. (C);Sparkling Tuna Cup #42;Nice;Nicoract;2;0;3;C;1
2024-03-03;Week. (C);Sparkling Tuna Cup #42;Nice;Nanian;2;0;3;C;1
2024-03-02;Week. (C);SRC#153;Nice;Lemon;3;0;5;C;1
2024-03-02;Week. (C);SRC#153;Nice;JoliwaLoves;2;0;3;C;1
2024-03-02;Week. (C);SRC#153;Nice;南忧;2;0;3;C;1
2024-03-02;Week. (C);SRC#153;Nice;lightning;2;0;3;C;1
2024-02-25;Week. (C);Sparkling Tuna Cup #41;Nice;ArT;0;2;3;C;0
2024-02-25;Week. (C);Sparkling Tuna Cup #41;Nice;MindelVK;2;1;3;C;1
2024-02-25;Week. (C);Sparkling Tuna Cup #41;Nice;HaewArd;2;0;3;C;1
2024-02-20;B-Tier;Fairy Cup/7 - Detailed Results;Nice;LiarisFreese;4;0;5;B;1
2024-02-17;Biw. (B);Korean Starcraft League #44;Nice;Dark;0;2;3;B;0
2024-02-17;Biw. (B);Korean Starcraft League #44;Nice;NightMare;2;1;3;B;1
2024-02-15;Qual. (S);2024 GSL S1: Qualifier - Round 2;Nice;TY;1;2;3;S;0
2024-02-15;Qual. (S);2024 GSL S1: Qualifier - Round 2;Nice;HonMonO;2;0;3;S;1
2024-02-15;Qual. (S);2024 GSL S1: Qualifier - Round 2;Nice;ByuN;1;2;3;S;0
2024-02-15;Qual. (S);2024 GSL S1: Qualifier - Round 1;Nice;BYE;1;0;1;S;1
2024-02-15;Qual. (S);2024 GSL S1: Qualifier - Round 1;Nice;GuMiho;1;2;3;S;0
2024-02-15;Qual. (S);2024 GSL S1: Qualifier - Round 1;Nice;BYE;1;0;1;S;1
2024-02-15;Qual. (S);2024 GSL S1: Qualifier - Round 1;Nice;Rex;0;2;3;S;0
2024-02-12;Week. (B);ESL Open Cup #214 Korea;Nice;Creator;1;2;3;B;0
2024-02-12;Week. (B);ESL Open Cup #214 Korea;Nice;fork;2;0;3;B;1
2024-02-06;Week. (B);ESL Open Cup #213 Americas;Nice;MaxPax;0;2;3;B;0
2024-02-05;Week. (B);ESL Open Cup #213 Americas;Nice;FoxeR;2;0;3;B;1
2024-02-05;Week. (B);ESL Open Cup #213 Americas;Nice;Hypexs;2;0;3;B;1
2024-02-05;Week. (B);ESL Open Cup #213 Americas;Nice;Denchik;2;0;3;B;1
2024-02-05;Week. (B);ESL Open Cup #213 Korea;Nice;herO;1;2;3;B;0
2024-01-29;Week. (B);ESL Open Cup #212 Korea;Nice;Cure;0;2;3;B;0
2024-01-28;Week. (B);SLT Cup#6 - Standings;Nice;Wayne;0;2;3;B;0
2024-01-28;Week. (B);SLT Cup#6 - Standings;Nice;Cham;0;2;3;B;0
2024-01-28;Week. (B);SLT Cup#6 - Standings;Nice;YoungZest;0;2;3;B;0
2024-01-28;Week. (B);SLT Cup#6 - Standings;Nice;ReWhite;2;0;3;B;1
2024-01-27;Week. (C);SRC#151;Nice;YoungZest;0;2;3;C;0
2024-01-22;Week. (B);ESL Open Cup #211 Korea;Nice;Cyan;1;2;3;B;0
2024-01-20;Biw. (B);Korean Starcraft League #42;Nice;Astrea;0;2;3;B;0
2024-01-15;Week. (B);ESL Open Cup #210 Korea;Nice;ByuN;0;2;3;B;0
2024-01-01;Week. (B);ESL Open Cup #208 Korea;Nice;DRG;0;2;3;B;0
2024-01-01;Week. (B);ESL Open Cup #208 Korea;Nice;Classic;2;0;3;B;1
2023-12-31;B-Tier;SRC 2023 Grand Finals;Nice;Coffee;2;3;5;B;0
2023-12-30;B-Tier;SRC 2023 Grand Finals;Nice;Oriana;3;1;5;B;1
2023-12-30;Biw. (C);Grand Platypus Open #100;Nice;GogojOey;3;0;5;C;1
2023-12-30;Biw. (C);Grand Platypus Open #100;Nice;GogojOey;2;1;3;C;1
2023-12-30;Qual. (B);Team Gosu Bounty Brawl #3 - Qualifiers - Bracket;Nice;Mixu;1;2;3;B;0
2023-12-30;Qual. (B);Team Gosu Bounty Brawl #3 - Qualifiers - Bracket;Nice;BattleB;0;2;3;B;0
2023-12-25;Qual. (S);Master's Coliseum 7: Asia Qualifier;Nice;Firefly;0;2;3;S;0
2023-12-25;Qual. (S);Master's Coliseum 7: Asia Qualifier;Nice;Jieshi;2;0;3;S;1
2023-12-23;B-Tier;SRC 2023 Grand Finals;Nice;抱头;1;0;1;B;1
2023-12-23;Biw. (C);Grand Platypus Open #99;Nice;HonMonO;3;4;5;C;0
2023-12-23;Week. (B);Korean Starcraft League #39;Nice;HonMonO;1;2;3;B;0
2023-12-20;Week. (B);KFC 2023 S2 #11;Nice;Cure;1;2;3;B;0
2023-12-19;Qual. (A);WardiTV TLMC #11 Open;Nice;Bly;2;3;5;A;0
2023-12-18;Week. (B);ESL Open Cup #206 Korea;Nice;Jieshi;1;2;3;B;0
2023-12-18;Week. (B);ESL Open Cup #206 Korea;Nice;fork;2;0;3;B;1
2023-12-17;Biw. (C);Sparkling Tuna Cup #40;Nice;HonMonO;2;3;5;C;0
2026-01-13;Qual. (S);Rongyi Cup S3: Qualifier #3;Gerald;Nice;2;1;3;S;1
2026-01-12;Week. (B);Monday Night Weeklies #36;Bunny;Nice;1;0;1;B;1
2026-01-12;Week. (B);Monday Night Weeklies #36;Nicoract;Nice;0;1;1;B;0
2026-01-12;Week. (B);Monday Night Weeklies #36;Reynor;Nice;2;0;3;B;1
2026-01-12;Week. (B);WardiTV Mondays #69;Classic;Nice;2;0;3;B;1
2026-01-11;Qual. (S);Rongyi Cup S3: Qualifier #1;Creator;Nice;2;1;3;S;1
2026-01-06;Week. (B);PiGosaur Cup #63;Cure;Nice;2;0;3;B;1
2026-01-05;Week. (B);WardiTV Mondays #68;trigger;Nice;2;0;3;B;1
2026-01-04;Qual. (A);OSC Champ S13 Challenger C;Mixu;Nice;3;1;5;A;1
2026-01-04;Qual. (A);OSC Champ S13 Challenger C;ART;Nice;3;2;5;A;1
2026-01-04;Qual. (A);OSC Champ S13 Challenger C;NightPhoenix;Nice;0;2;3;A;0
2026-01-04;Qual. (A);OSC Champ S13 Challenger C;UedSoldier;Nice;1;2;3;A;0
2026-01-03;Mon. (B);Korean Starcraft League #84;herO;Nice;2;1;3;B;1
2025-12-18;A-Tier;WardiTV 2025 - Championship Bracket;Creator;Nice;3;0;5;A;1
2025-12-16;A-Tier;WardiTV 2025 - Championship Bracket;YoungYakov;Nice;1;3;5;A;0
2025-12-16;A-Tier;WardiTV 2025 - Championship Bracket;Rogue;Nice;3;0;5;A;1
2025-12-16;Week. (B);Sparkling Tuna Cup #115;Ryung;Nice;2;0;3;B;1
2025-12-16;Week. (B);Sparkling Tuna Cup #115;LetaleX;Nice;0;2;3;B;0
2025-12-16;Week. (B);PiGosaur Cup #62;Cure;Nice;2;0;3;B;1
2025-12-16;Week. (B);PiGosaur Cup #62;ByuN;Nice;1;2;3;B;0
2025-12-15;Week. (B);WardiTV Mondays #65;ByuN;Nice;2;0;3;B;1
2025-12-11;A-Tier;WardiTV 2025 - Group Stage;Elazer;Nice;0;2;3;A;0
2025-12-11;A-Tier;WardiTV 2025 - Group Stage;Bunny;Nice;2;0;3;A;1
2025-12-11;A-Tier;WardiTV 2025 - Group Stage;uThermal;Nice;1;2;3;A;0
2025-12-11;A-Tier;WardiTV 2025 - Group Stage;Creator;Nice;2;1;3;A;1
2025-12-11;Biw. (B);Tenacious Turtle Tussle #37;Mixu;Nice;2;0;3;B;1
2025-12-09;Week. (B);PiGosaur Cup #61;cellsidus;Nice;2;0;3;B;1
2025-12-08;Week. (B);Monday Night Weeklies #33;herO;Nice;1;0;1;B;1
2025-12-08;Week. (B);WardiTV Mondays #64;SHIN;Nice;2;1;3;B;1
2025-12-08;Week. (B);Monday Night Weeklies #33;MaNa;Nice;2;0;3;B;1
2025-12-03;Qual. (A);WardiTV 2025 Q4;YoungYakov;Nice;1;2;3;A;0
2025-12-03;Qual. (A);WardiTV 2025 Q4;ByuN;Nice;2;0;3;A;1
2025-12-03;Qual. (A);WardiTV 2025 Q4;goblin;Nice;1;2;3;A;0
2025-12-02;Qual. (A);WardiTV 2025 Q3;Scarlett;Nice;2;0;3;A;1
2025-12-02;Week. (B);PiGosaur Cup #60;YoungYakov;Nice;2;0;3;B;1
2025-12-01;Week. (B);Monday Night Weeklies #32;Percival;Nice;1;0;1;B;1
2025-12-01;Week. (B);Monday Night Weeklies #32;Creator;Nice;2;0;3;B;1
2025-12-01;Week. (B);Monday Night Weeklies #32;HeRoMaRinE;Nice;0;2;3;B;0
2025-11-27;Biw. (B);Tenacious Turtle Tussle #36;Percival;Nice;2;1;3;B;1
2025-11-27;Biw. (B);Tenacious Turtle Tussle #36;CoralViper;Nice;0;2;3;B;0
2025-11-26;Qual. (A);WardiTV 2025 Q2;Lemon;Nice;2;1;3;A;1
2025-11-25;Qual. (A);WardiTV 2025 Q1;Gerald;Nice;2;0;3;A;1
2025-11-25;Week. (B);PiGosaur Cup #59;Cure;Nice;2;0;3;B;1
2025-11-18;Week. (B);PiGosaur Cup #58;herO;Nice;2;0;3;B;1
2025-11-18;Week. (B);PiGosaur Cup #58;ReBellioN;Nice;1;2;3;B;0
2025-10-14;B-Tier;OSC 2025 MSP #2;Cham;Nice;3;0;5;B;1
2025-10-07;Week. (B);PiGosaur Cup #52;ByuN;Nice;2;0;3;B;1
2025-10-07;Week. (B);PiGosaur Cup #52;FoxeR;Nice;0;2;3;B;0
2025-09-09;Week. (B);PiGosaur Cup #48;herO;Nice;2;0;3;B;1
2025-09-09;Week. (B);PiGosaur Cup #48;Mute;Nice;0;2;3;B;0
2025-09-08;Week. (B);Monday Night Weeklies #22;Cellsidus;Nice;1;0;1;B;1
2025-09-08;Week. (B);Monday Night Weeklies #22;NightMare;Nice;2;0;3;B;1
2025-08-09;Week. (C);SRC#211;JoliwaLoves;Nice;0;3;5;C;0
2025-08-09;Week. (C);SRC#211;月野鹿;Nice;0;2;3;C;0
2025-08-09;Week. (C);SRC#211;NightStalker;Nice;1;2;3;C;0
2025-08-09;Week. (C);SRC#211;小八;Nice;0;2;3;C;0
2025-08-09;Qual. (A);RSL Revival: Season 2 Korea Qualifier;Lemon;Nice;2;0;3;A;1
2025-08-08;Week. (B);LiuLi Cup Weekly #1;Lambo;Nice;2;0;3;B;1
2025-08-08;Qual. (A);RSL Revival: Season 2 Americas Qualifier;sOs;Nice;2;0;3;A;1
2025-08-02;Biw. (B);Korean Starcraft League #78;Classic;Nice;2;1;3;B;1
2025-08-02;Biw. (B);Korean Starcraft League #78;Guilliman;Nice;0;2;3;B;0
2025-06-14;Biw. (B);Korean Starcraft League #76;Classic;Nice;2;1;3;B;1
2025-05-30;Qual. (S);EWC 2025 Asia Quali - Bracket;Silky;Nice;3;2;5;S;1
2025-05-30;Qual. (S);EWC 2025 Asia Quali - Bracket;Lemon;Nice;3;0;5;S;1
2025-05-30;Qual. (S);EWC 2025 Asia Quali - Bracket;Jieshi;Nice;0;3;5;S;0
2025-05-28;Qual. (S);EWC 2025 Asia Quali - Bracket;Jieshi;Nice;0;3;5;S;0
2025-05-28;Qual. (S);EWC 2025 Asia Quali - Bracket;Oriana;Nice;0;2;3;S;0
2025-05-26;Week. (B);WardiTV Mondays #37;MaxPax;Nice;2;1;3;B;1
2025-05-26;Week. (B);WardiTV Mondays #37;Nicoract;Nice;0;2;3;B;0
2025-05-26;Week. (B);WardiTV Mondays #37;Azura;Nice;0;2;3;B;0
2025-05-12;Week. (B);WardiTV Mondays #35;ByuN;Nice;2;0;3;B;1
2025-05-05;Week. (B);Monday Night Weeklies #16;ByuN;Nice;2;0;3;B;1
2025-04-30;Qual. (A);BGE 2025: Wildcard Qualifier;Gerald;Nice;2;0;3;A;1
2025-04-30;Qual. (A);BGE 2025: Wildcard Qualifier;Fjant;Nice;0;2;3;A;0
2025-04-23;Qual. (A);PiG Sty Festival 6.0 Q1;Creator;Nice;3;2;5;A;1
2025-04-23;Qual. (A);PiG Sty Festival 6.0 Q1;Epic;Nice;0;2;3;A;0
2025-04-23;Qual. (A);PiG Sty Festival 6.0 Q1;Patches;Nice;0;2;3;A;0
2025-04-19;Biw. (B);Korean Starcraft League #73;Bunny;Nice;2;0;3;B;1
2025-04-14;Week. (B);Monday Night Weeklies #13;ByuN;Nice;1;0;1;B;1
2025-04-14;Week. (B);Monday Night Weeklies #13;trigger;Nice;0;1;1;B;0
2025-04-14;Week. (B);Monday Night Weeklies #13;Gerald;Nice;0;1;1;B;0
2025-04-14;Week. (B);Monday Night Weeklies #13;MaxPax;Nice;2;1;3;B;1
2025-04-10;B-Tier;Rex April Madness - Group B;Classic;Nice;3;0;5;B;1
2025-04-10;B-Tier;Rex April Madness - Group B;Clem;Nice;2;0;3;B;1
2025-04-07;Week. (B);Monday Night Weeklies #12;MaxPax;Nice;1;0;1;B;1
2025-04-07;Week. (B);Monday Night Weeklies #12;Creator;Nice;0;1;1;B;0
2025-04-07;Week. (B);Monday Night Weeklies #12;Clem;Nice;2;0;3;B;1
2025-03-31;Week. (B);Monday Night Weeklies #11;Bunny;Nice;1;0;1;B;1
2025-03-31;Week. (B);Monday Night Weeklies #11;Gerald;Nice;0;1;1;B;0
2025-03-31;Week. (B);Monday Night Weeklies #11;MaxPax;Nice;2;0;3;B;1
2025-03-24;Week. (B);WardiTV Mondays #28;herO;Nice;2;0;3;B;1
2025-03-10;Week. (B);WardiTV Mondays #26;MaxPax;Nice;2;0;3;B;1
2025-02-27;Week. (B);Tenacious Turtle Tussle #28;Gerald;Nice;2;0;3;B;1
2025-02-27;Week. (B);Tenacious Turtle Tussle #28;Ateshi;Nice;0;2;3;B;0
2025-02-24;Week. (B);Monday Night Weeklies #6;MaxPax;Nice;1;0;1;B;1
2025-02-24;Week. (B);Monday Night Weeklies #6;Rodzyn;Nice;0;1;1;B;0
2025-02-24;Week. (B);Monday Night Weeklies #6;Gerald;Nice;0;1;1;B;0
2025-02-24;Week. (B);WardiTV Mondays #24;Cure;Nice;2;0;3;B;1
2025-02-24;Week. (B);PiGosaur Monday #20;SHIN;Nice;2;1;3;B;1
2025-02-03;Week. (B);WardiTV Mondays #21;herO;Nice;2;1;3;B;1
2025-01-20;Week. (B);WardiTV Mondays #19;SHIN;Nice;2;0;3;B;1
2025-01-13;Week. (B);PiGosaur Monday #15;herO;Nice;2;0;3;B;1
2025-01-13;Week. (B);PiGosaur Monday #15;Percival;Nice;0;2;3;B;0
2025-01-06;Week. (B);PiGosaur Monday #14;herO;Nice;2;0;3;B;1
2025-01-06;Week. (B);PiGosaur Monday #14;Replicant;Nice;0;2;3;B;0
2024-11-25;Week. (B);PiGosaur Monday #8;Gerald;Nice;2;0;3;B;1
2024-09-30;Week. (B);Ursasaurus Cup #4;Gerald;Nice;2;0;3;B;1
2024-09-30;Week. (B);Ursasaurus Cup #4;Tatagiba;Nice;0;2;3;B;0
2024-09-21;Biw. (B);Korean Starcraft League #59;NightMare;Nice;2;0;3;B;1
2024-08-12;Week. (B);ESL Open Cup #240 Americas;Mixu;Nice;2;1;3;B;1
2024-08-12;Week. (B);ESL Open Cup #240 Americas;Patches;Nice;0;2;3;B;0
2024-08-12;Week. (B);ESL Open Cup #240 Americas;SlayersMvP;Nice;0;2;3;B;0
2024-07-22;Week. (B);ESL Open Cup #237 Korea;ByuN;Nice;2;0;3;B;1
2024-07-15;Week. (B);ESL Open Cup #236 Americas;Shameless;Nice;2;0;3;B;1
2024-07-15;Week. (B);ESL Open Cup #236 Americas;DisReSpeCT;Nice;0;2;3;B;0
2024-07-15;Week. (B);ESL Open Cup #236 Americas;Djorjx;Nice;1;2;3;B;0
2024-07-06;Biw. (B);Korean Starcraft League #54;Classic;Nice;2;0;3;B;1
2024-07-06;Biw. (B);Korean Starcraft League #54;Praetor;Nice;0;2;3;B;0
2024-07-05;Qual. (S);EWC 2024 AS Qualifier;Firefly;Nice;2;0;3;S;1
2024-07-05;Qual. (S);EWC 2024 AS Qualifier;Jim;Nice;0;2;3;S;0
2024-07-01;Week. (B);ESL Open Cup #234 Korea;NightMare;Nice;2;1;3;B;1
2024-06-22;Week. (C);SRC#167;Nanami;Nice;2;3;5;C;0
2024-06-22;Week. (C);SRC#167;Lemon;Nice;0;2;3;C;0
2024-06-22;Week. (C);SRC#167;千年之狐;Nice;0;2;3;C;0
2024-06-22;Week. (C);SRC#167;YoungZest;Nice;0;2;3;C;0
2024-06-22;Biw. (B);Korean Starcraft League #53;Cyan;Nice;2;0;3;B;1
2024-06-16;Week. (C);Sparkling Tuna Cup #53;Krystianer;Nice;1;3;5;C;0
2024-06-16;Week. (C);Sparkling Tuna Cup #53;Nicoract;Nice;0;2;3;C;0
2024-06-16;Week. (C);Sparkling Tuna Cup #53;ReBellioN;Nice;0;2;3;C;0
2024-06-16;Week. (C);Sparkling Tuna Cup #53;Abathoor;Nice;0;2;3;C;0
2024-06-10;Week. (B);ESL Open Cup #231 Americas;ByuN;Nice;2;0;3;B;1
2024-06-10;Week. (B);ESL Open Cup #231 Americas;Jason;Nice;0;2;3;B;0
2024-06-05;Week. (B);KFC 2024 S1 #5;MaxPax;Nice;2;0;3;B;1
2024-06-05;Week. (B);KFC 2024 S1 #5;Oliveira;Nice;1;2;3;B;0
2024-06-01;S-Tier;ESL Spring - Knockout Stage;GuMiho;Nice;3;0;5;S;1
2024-05-31;S-Tier;ESL Spring - Group B;Reynor;Nice;2;0;3;S;1
2024-05-31;S-Tier;ESL Spring - Group B;Serral;Nice;2;0;3;S;1
2024-05-05;B-Tier;GG Cup #3;Lemon;Nice;2;3;5;B;0
2024-05-05;B-Tier;GG Cup #3;GogojOey;Nice;2;3;5;B;0
2024-05-04;B-Tier;GG Cup #3;NaXin;Nice;0;2;3;B;0
2024-04-28;A-Tier;ESL Spring: Asia - Playoffs;Coffee;Nice;3;0;5;A;1
2024-04-27;A-Tier;ESL Spring: Asia - Playoffs;Oliveira;Nice;3;0;5;A;1
2024-04-26;A-Tier;ESL Spring: Asia - Playoffs;Jieshi;Nice;2;3;5;A;0
2024-04-25;A-Tier;ESL Spring: Asia - Playoffs;Nanami;Nice;2;3;5;A;0
2024-04-20;A-Tier;ESL Spring: Asia - R 4;Cyan;Nice;1;2;3;A;0
2024-04-18;Qual. (S);2024 GSL S2: Qualifier - Round 2;Classic;Nice;2;0;3;S;1
2024-04-18;Qual. (S);2024 GSL S2: Qualifier - Round 2;ByuN;Nice;2;0;3;S;1
2024-04-18;Qual. (S);2024 GSL S2: Qualifier - Round 1;NightMare;Nice;2;1;3;S;1
2024-04-18;Qual. (S);2024 GSL S2: Qualifier - Round 1;INnoColoR;Nice;0;2;3;S;0
2024-04-18;Qual. (S);2024 GSL S2: Qualifier - Round 1;Reynor;Nice;2;0;3;S;1
2024-04-18;Qual. (S);2024 GSL S2: Qualifier - Round 1;HonMonO;Nice;0;2;3;S;0
2024-04-16;A-Tier;ESL Spring: Asia - R 3;Has;Nice;0;2;3;A;0
2024-04-14;A-Tier;ESL Spring: Asia - R 2;Misaki;Nice;1;2;3;A;0
2024-04-11;A-Tier;ESL Spring: Asia - R 1;Lemon;Nice;2;1;3;A;1
2024-04-08;Week. (B);ESL Open Cup #222 Americas;trigger;Nice;2;1;3;B;1
2024-04-08;Week. (B);ESL Open Cup #222 Americas;JonBom;Nice;0;2;3;B;0
2024-04-06;Week. (C);SRC#158;Nanami;Nice;1;3;5;C;0
2024-04-06;Week. (C);SRC#158;望夜的星星;Nice;1;2;3;C;0
2024-04-06;Week. (C);SRC#158;smile;Nice;0;2;3;C;0
2024-04-06;Week. (C);SRC#158;南玖;Nice;1;2;3;C;0
2024-03-31;Week. (C);Sparkling Tuna Cup #45;Rostok;Nice;2;1;3;C;1
2024-03-31;Week. (C);Sparkling Tuna Cup #45;Lemon;Nice;1;2;3;C;0
2024-03-31;Week. (C);Sparkling Tuna Cup #45;Gref;Nice;0;2;3;C;0
2024-03-24;Week. (C);Sparkling Tuna Cup #44;Nikich;Nice;2;1;3;C;1
2024-03-24;Week. (C);Sparkling Tuna Cup #44;Shameless;Nice;1;2;3;C;0
2024-03-24;Qual. (B);WardiTV March Invitational: Qualifier;ForJumy;Nice;2;1;3;B;1
2024-03-24;Week. (C);Sparkling Tuna Cup #44;BlueKnight;Nice;0;2;3;C;0
2024-03-23;Week. (C);SRC#156;Cyan;Nice;2;1;3;C;1
2024-03-23;Week. (C);SRC#156;JVJIONG;Nice;0;2;3;C;0
2024-03-17;Week. (C);Sparkling Tuna Cup #43;Nicoract;Nice;2;3;5;C;0
2024-03-17;Week. (C);Sparkling Tuna Cup #43;Nikich;Nice;0;2;3;C;0
2024-03-17;Week. (C);Sparkling Tuna Cup #43;Erik;Nice;1;2;3;C;0
2024-03-17;Week. (C);Sparkling Tuna Cup #43;ReBellioN;Nice;1;2;3;C;0
2024-03-15;Qual. (S);StarsWar 11: Asia Qualifiers - Bracket;Coffee;Nice;2;0;3;S;1
2024-03-14;Qual. (S);StarsWar 11: Asia Qualifiers - Bracket;Blue;Nice;1;2;3;S;0
2024-03-13;Qual. (S);StarsWar 11: Asia Qualifiers - Bracket;Nanami;Nice;0;2;3;S;0
2024-03-13;Qual. (S);StarsWar 11: Asia Qualifiers - Bracket;Cyan;Nice;2;1;3;S;1
2024-03-03;Showm. (B);LiuLi Cup #17;Coffee;Nice;4;1;5;B;1
2024-03-03;Week. (C);Sparkling Tuna Cup #42;Gerald;Nice;3;2;5;C;1
2024-03-03;Week. (C);Sparkling Tuna Cup #42;LunaSea;Nice;1;2;3;C;0
2024-03-03;Week. (C);Sparkling Tuna Cup #42;Nicoract;Nice;0;2;3;C;0
2024-03-03;Week. (C);Sparkling Tuna Cup #42;Nanian;Nice;0;2;3;C;0
2024-03-02;Week. (C);SRC#153;Lemon;Nice;0;3;5;C;0
2024-03-02;Week. (C);SRC#153;JoliwaLoves;Nice;0;2;3;C;0
2024-03-02;Week. (C);SRC#153;南忧;Nice;0;2;3;C;0
2024-03-02;Week. (C);SRC#153;lightning;Nice;0;2;3;C;0
2024-02-25;Week. (C);Sparkling Tuna Cup #41;ArT;Nice;2;0;3;C;1
2024-02-25;Week. (C);Sparkling Tuna Cup #41;MindelVK;Nice;1;2;3;C;0
2024-02-25;Week. (C);Sparkling Tuna Cup #41;HaewArd;Nice;0;2;3;C;0
2024-02-20;B-Tier;Fairy Cup/7 - Detailed Results;LiarisFreese;Nice;0;4;5;B;0
2024-02-17;Biw. (B);Korean Starcraft League #44;Dark;Nice;2;0;3;B;1
2024-02-17;Biw. (B);Korean Starcraft League #44;NightMare;Nice;1;2;3;B;0
2024-02-15;Qual. (S);2024 GSL S1: Qualifier - Round 2;TY;Nice;2;1;3;S;1
2024-02-15;Qual. (S);2024 GSL S1: Qualifier - Round 2;HonMonO;Nice;0;2;3;S;0
2024-02-15;Qual. (S);2024 GSL S1: Qualifier - Round 2;ByuN;Nice;2;1;3;S;1
2024-02-15;Qual. (S);2024 GSL S1: Qualifier - Round 1;BYE;Nice;0;1;1;S;0
2024-02-15;Qual. (S);2024 GSL S1: Qualifier - Round 1;GuMiho;Nice;2;1;3;S;1
2024-02-15;Qual. (S);2024 GSL S1: Qualifier - Round 1;BYE;Nice;0;1;1;S;0
2024-02-15;Qual. (S);2024 GSL S1: Qualifier - Round 1;Rex;Nice;2;0;3;S;1
2024-02-12;Week. (B);ESL Open Cup #214 Korea;Creator;Nice;2;1;3;B;1
2024-02-12;Week. (B);ESL Open Cup #214 Korea;fork;Nice;0;2;3;B;0
2024-02-06;Week. (B);ESL Open Cup #213 Americas;MaxPax;Nice;2;0;3;B;1
2024-02-05;Week. (B);ESL Open Cup #213 Americas;FoxeR;Nice;0;2;3;B;0
2024-02-05;Week. (B);ESL Open Cup #213 Americas;Hypexs;Nice;0;2;3;B;0
2024-02-05;Week. (B);ESL Open Cup #213 Americas;Denchik;Nice;0;2;3;B;0
2024-02-05;Week. (B);ESL Open Cup #213 Korea;herO;Nice;2;1;3;B;1
2024-01-29;Week. (B);ESL Open Cup #212 Korea;Cure;Nice;2;0;3;B;1
2024-01-28;Week. (B);SLT Cup#6 - Standings;Wayne;Nice;2;0;3;B;1
2024-01-28;Week. (B);SLT Cup#6 - Standings;Cham;Nice;2;0;3;B;1
2024-01-28;Week. (B);SLT Cup#6 - Standings;YoungZest;Nice;2;0;3;B;1
2024-01-28;Week. (B);SLT Cup#6 - Standings;ReWhite;Nice;0;2;3;B;0
2024-01-27;Week. (C);SRC#151;YoungZest;Nice;2;0;3;C;1
2024-01-22;Week. (B);ESL Open Cup #211 Korea;Cyan;Nice;2;1;3;B;1
2024-01-20;Biw. (B);Korean Starcraft League #42;Astrea;Nice;2;0;3;B;1
2024-01-15;Week. (B);ESL Open Cup #210 Korea;ByuN;Nice;2;0;3;B;1
2024-01-01;Week. (B);ESL Open Cup #208 Korea;DRG;Nice;2;0;3;B;1
2024-01-01;Week. (B);ESL Open Cup #208 Korea;Classic;Nice;0;2;3;B;0
2023-12-31;B-Tier;SRC 2023 Grand Finals;Coffee;Nice;3;2;5;B;1
2023-12-30;B-Tier;SRC 2023 Grand Finals;Oriana;Nice;1;3;5;B;0
2023-12-30;Biw. (C);Grand Platypus Open #100;GogojOey;Nice;0;3;5;C;0
2023-12-30;Biw. (C);Grand Platypus Open #100;GogojOey;Nice;1;2;3;C;0
2023-12-30;Qual. (B);Team Gosu Bounty Brawl #3 - Qualifiers - Bracket;Mixu;Nice;2;1;3;B;1
2023-12-30;Qual. (B);Team Gosu Bounty Brawl #3 - Qualifiers - Bracket;BattleB;Nice;2;0;3;B;1
2023-12-25;Qual. (S);Master's Coliseum 7: Asia Qualifier;Firefly;Nice;2;0;3;S;1
2023-12-25;Qual. (S);Master's Coliseum 7: Asia Qualifier;Jieshi;Nice;0;2;3;S;0
2023-12-23;B-Tier;SRC 2023 Grand Finals;抱头;Nice;0;1;1;B;0
2023-12-23;Biw. (C);Grand Platypus Open #99;HonMonO;Nice;4;3;5;C;1
2023-12-23;Week. (B);Korean Starcraft League #39;HonMonO;Nice;2;1;3;B;1
2023-12-20;Week. (B);KFC 2023 S2 #11;Cure;Nice;2;1;3;B;1
2023-12-19;Qual. (A);WardiTV TLMC #11 Open;Bly;Nice;3;2;5;A;1
2023-12-18;Week. (B);ESL Open Cup #206 Korea;Jieshi;Nice;2;1;3;B;1
2023-12-18;Week. (B);ESL Open Cup #206 Korea;fork;Nice;0;2;3;B;0
2023-12-17;Biw. (C);Sparkling Tuna Cup #40;HonMonO;Nice;3;2;5;C;1
