date;match;tournament;player;oponent;player_wins;oponent_wins;best_of;tournament_tier;target
2026-01-14;B-Tier;WardiTV Cup - Group C;Shameless;YoungYakov;1;2;3;B;0
2026-01-14;B-Tier;WardiTV Cup - Group C;Shameless;GuMiho;2;1;3;B;1
2026-01-14;B-Tier;WardiTV Cup - Group C;Shameless;Creator;0;2;3;B;0
2026-01-12;Week. (B);Monday Night Weeklies #36;Shameless;Bunny;1;2;3;B;0
2026-01-12;Qual. (S);Rongyi Cup S3: Qualifier #2;Shameless;GuMiho;1;2;3;S;0
2026-01-12;Qual. (S);Rongyi Cup S3: Qualifier #2;Shameless;Ryung;2;1;3;S;1
2026-01-12;Week. (B);WardiTV Mondays #69;Shameless;Elazer;1;2;3;B;0
2026-01-11;Qual. (S);Rongyi Cup S3: Qualifier #1;Shameless;Cyan;1;2;3;S;0
2026-01-11;Qual. (S);Rongyi Cup S3: Qualifier #1;Shameless;Cure;2;1;3;S;1
2026-01-10;Qual. (B);WardiTV Winter Cup Qual;Shameless;Creator;0;2;3;B;0
2026-01-10;Qual. (B);WardiTV Winter Cup Qual;Shameless;Cure;2;0;3;B;1
2026-01-07;A-Tier;OSC Championship Season 13 - Championship Bracket;Shameless;Krystianer;2;3;5;A;0
2026-01-07;A-Tier;OSC Championship Season 13 - Championship Bracket;Shameless;Jumy;3;0;5;A;1
2026-01-06;Week. (B);PiGosaur Cup #63;Shameless;Clem;0;2;3;B;0
2026-01-06;Week. (B);PiGosaur Cup #63;Shameless;Percival;2;0;3;B;1
2026-01-05;B-Tier;Mini Rotti Monday #2;Shameless;YoungYakov;0;1;1;B;0
2026-01-05;B-Tier;Mini Rotti Monday #2;Shameless;sebesdes;1;0;1;B;1
2026-01-05;B-Tier;Mini Rotti Monday #2;Shameless;Krystianer;0;2;3;B;0
2026-01-05;B-Tier;Mini Rotti Monday #2;Shameless;ART;2;1;3;B;1
2026-01-03;B-Tier;PSC2L Finals;Shameless;Creator;2;3;5;B;0
2026-01-03;B-Tier;The 5.4k Patch Clash #10;Shameless;INexorable;0;1;1;B;0
2026-01-03;B-Tier;The 5.4k Patch Clash #10;Shameless;HonMonO;1;0;1;B;1
2026-01-03;B-Tier;The 5.4k Patch Clash #10;Shameless;Mixu;1;2;3;B;0
2026-01-02;B-Tier;PSC2L Finals;Shameless;Gerald;1;3;5;B;0
2026-01-01;B-Tier;PSC2L Finals;Shameless;NightMare;2;1;3;B;1
2025-12-29;Week. (B);WardiTV Mondays #67;Shameless;Clem;0;2;3;B;0
2025-12-25;B-Tier;3D! New Year Challenge;Shameless;DefMars;1;2;3;B;0
2025-12-25;B-Tier;3D! New Year Challenge;Shameless;UltraMarine;2;0;3;B;1
2025-12-22;Week. (B);Monday Night Weeklies #35;Shameless;Percival;0;1;1;B;0
2025-12-22;Week. (B);Monday Night Weeklies #35;Shameless;INexorable;1;0;1;B;1
2025-12-22;Week. (B);Monday Night Weeklies #35;Shameless;Nicoract;0;2;3;B;0
2025-12-22;Week. (B);WardiTV Mondays #66;Shameless;ByuN;0;2;3;B;0
2025-12-21;C-Tier;Winter Warp Gate Masters #1;Shameless;Krystianer;2;0;3;C;1
2025-12-21;C-Tier;Winter Warp Gate Masters #1;Shameless;ByuN;0;3;5;C;0
2025-12-21;C-Tier;Winter Warp Gate Masters #1;Shameless;Percival;2;0;3;C;1
2025-12-21;C-Tier;Winter Warp Gate Masters #1;Shameless;printf;2;0;3;C;1
2025-12-19;Week. (B);OSC KotH Weekly #234;Shameless;Gerald;0;1;1;B;0
2025-12-19;Week. (B);OSC KotH Weekly #234;Shameless;Cham;1;0;1;B;1
2025-12-18;A-Tier;WardiTV 2025 - Championship Bracket;Shameless;Rogue;1;3;5;A;0
2025-12-17;B-Tier;OSC Elite Rising Star #17;Shameless;YoungYakov;1;3;5;B;0
2025-12-17;A-Tier;WardiTV 2025 - Championship Bracket;Shameless;MaxPax;1;3;5;A;0
2025-12-17;A-Tier;WardiTV 2025 - Championship Bracket;Shameless;MaNa;3;0;5;A;1
2025-12-16;A-Tier;WardiTV 2025 - Championship Bracket;Shameless;uThermal;3;1;5;A;1
2025-12-16;Week. (B);PiGosaur Cup #62;Shameless;MaxPax;0;2;3;B;0
2025-12-16;Week. (B);PiGosaur Cup #62;Shameless;Creator;2;1;3;B;1
2025-12-15;Week. (B);Monday Night Weeklies #34;Shameless;Percival;0;1;1;B;0
2025-12-15;Week. (B);Monday Night Weeklies #34;Shameless;Clem;0;2;3;B;0
2025-12-15;Week. (B);Monday Night Weeklies #34;Shameless;YoungYakov;2;0;3;B;1
2025-12-14;B-Tier;Waterfall Cup #2;Shameless;YoungYakov;0;2;3;B;0
2025-12-14;B-Tier;Waterfall Cup #2;Shameless;GgMaChine;1;0;1;B;1
2025-12-14;B-Tier;Waterfall Cup #2;Shameless;MilkiCow;1;0;1;B;1
2025-12-14;B-Tier;Waterfall Cup #2;Shameless;vaxxxooro;1;0;1;B;1
2025-12-14;B-Tier;Waterfall Cup #2;Shameless;Wayne;0;2;3;B;0
2025-12-14;B-Tier;Waterfall Cup #2;Shameless;F2ClicK;2;0;3;B;1
2025-12-11;Biw. (B);Tenacious Turtle Tussle #37;Shameless;ByuN;2;3;5;B;0
2025-12-11;Biw. (B);Tenacious Turtle Tussle #37;Shameless;Percival;2;0;3;B;1
2025-12-11;Biw. (B);Tenacious Turtle Tussle #37;Shameless;ReBellioN;2;0;3;B;1
2025-12-10;C-Tier;Null Cup - Playoffs;Shameless;ART;2;3;5;C;0
2025-12-10;C-Tier;Null Cup - Playoffs;Shameless;MindelVK;2;1;3;C;1
2025-12-10;C-Tier;Null Cup - Group Stage;Shameless;ART;1;0;1;C;1
2025-12-10;C-Tier;Null Cup - Group Stage;Shameless;SunRise;0;1;1;C;0
2025-12-10;C-Tier;Null Cup - Group Stage;Shameless;iosup;1;0;1;C;1
2025-12-10;C-Tier;Null Cup - Group Stage;Shameless;MindelVK;1;0;1;C;1
2025-12-10;C-Tier;Null Cup - Group Stage;Shameless;Sting1983;1;0;1;C;1
2025-12-09;Week. (B);PiGosaur Cup #61;Shameless;Percival;1;2;3;B;0
2025-12-09;Week. (B);PiGosaur Cup #61;Shameless;Patches;2;0;3;B;1
2025-12-08;Week. (B);Monday Night Weeklies #33;Shameless;Percival;0;1;1;B;0
2025-12-08;Week. (B);Monday Night Weeklies #33;Shameless;MaNa;1;0;1;B;1
2025-12-08;Week. (B);Monday Night Weeklies #33;Shameless;Nicoract;1;0;1;B;1
2025-12-08;Week. (B);Monday Night Weeklies #33;Shameless;Clem;0;2;3;B;0
2025-12-08;Week. (B);Monday Night Weeklies #33;Shameless;Gerald;2;1;3;B;1
2025-12-07;Week. (B);OSC KotH Weekly #233;Shameless;YoungYakov;0;1;1;B;0
2025-12-07;A-Tier;WardiTV 2025 - Group Stage;Shameless;Scarlett;2;0;3;A;1
2025-12-07;A-Tier;WardiTV 2025 - Group Stage;Shameless;Ryung;2;0;3;A;1
2025-12-07;A-Tier;WardiTV 2025 - Group Stage;Shameless;Rogue;1;2;3;A;0
2025-12-07;A-Tier;WardiTV 2025 - Group Stage;Shameless;NightMare;0;2;3;A;0
2025-12-04;B-Tier;OSC Elite Rising Star #17;Shameless;Percival;3;2;5;B;1
2025-12-02;Week. (B);PiGosaur Cup #60;Shameless;herO;1;2;3;B;0
2025-12-02;Week. (B);PiGosaur Cup #60;Shameless;ReBellioN;2;0;3;B;1
2025-12-01;Week. (B);Monday Night Weeklies #32;Shameless;Creator;1;0;1;B;1
2025-12-01;Week. (B);Monday Night Weeklies #32;Shameless;YoungYakov;1;0;1;B;1
2025-12-01;Week. (B);Monday Night Weeklies #32;Shameless;MaxPax;0;1;1;B;0
2025-12-01;Week. (B);Monday Night Weeklies #32;Shameless;MindelVK;1;0;1;B;1
2025-12-01;Week. (B);WardiTV Mondays #63;Shameless;Reynor;1;2;3;B;0
2025-12-01;Week. (B);Monday Night Weeklies #32;Shameless;herO;1;2;3;B;0
2025-12-01;Week. (B);Monday Night Weeklies #32;Shameless;Percival;2;0;3;B;1
2025-11-30;Mon. (B);Sparkling Tuna Cup November;Shameless;SKillous;0;3;5;B;0
2025-11-30;Mon. (B);Sparkling Tuna Cup November;Shameless;ByuN;2;1;3;B;1
2025-11-29;B-Tier;PORT 2025 Pro League #10;Shameless;MilkiCow;0;1;1;B;0
2025-11-29;B-Tier;PORT 2025 Pro League #10;Shameless;YoungYakov;1;0;1;B;1
2025-11-29;B-Tier;PORT 2025 Pro League #10;Shameless;ART;0;2;3;B;0
2025-11-29;Mon. (B);PSC2L November;Shameless;Nicoract;1;3;5;B;0
2025-11-29;B-Tier;PORT 2025 Pro League #10;Shameless;Well;2;0;3;B;1
2025-11-29;Mon. (B);PSC2L November;Shameless;Percival;2;1;3;B;1
2025-11-27;Biw. (B);Tenacious Turtle Tussle #36;Shameless;ByuN;0;2;3;B;0
2025-11-27;Biw. (B);Tenacious Turtle Tussle #36;Shameless;Nicoract;2;0;3;B;1
2025-11-27;Biw. (B);Tenacious Turtle Tussle #36;Shameless;ErebusBlack;2;0;3;B;1
2025-11-25;Week. (B);PiGosaur Cup #59;Shameless;Percival;0;2;3;B;0
2025-11-24;Week. (B);WardiTV Mondays #62;Shameless;herO;0;2;3;B;0
2025-11-24;Week. (B);Monday Night Weeklies #31;Shameless;ART;0;1;1;B;0
2025-11-24;Week. (B);Monday Night Weeklies #31;Shameless;Clem;0;2;3;B;0
2025-11-24;Week. (B);WardiTV Mondays #62;Shameless;Gerald;2;1;3;B;1
2025-11-24;Week. (B);Monday Night Weeklies #31;Shameless;YoungYakov;2;1;3;B;1
2025-11-23;Qual. (A);WardiTV 2025 BQ;Shameless;LetaleX;2;1;3;A;1
2025-11-23;B-Tier;PORT 2025 Pro League #9;Shameless;YoungYakov;3;0;5;B;1
2025-11-23;B-Tier;PORT 2025 Pro League #9;Shameless;GgMaChine;2;1;3;B;1
2025-11-23;B-Tier;PORT 2025 Pro League #9;Shameless;YoungYakov;2;0;3;B;1
2025-11-23;Qual. (A);WardiTV 2025 BQ;Shameless;MilkiCow;2;0;3;A;1
2025-11-23;B-Tier;PORT 2025 Pro League #9;Shameless;DefMars;2;0;3;B;1
2025-11-20;Week. (B);OSC KotH Weekly #231;Shameless;Gerald;0;1;1;B;0
2025-11-20;Week. (B);OSC KotH Weekly #231;Shameless;Jumy;1;0;1;B;1
2025-11-20;Week. (B);OSC KotH Weekly #231;Shameless;Demi;1;0;1;B;1
2025-11-20;Week. (B);OSC KotH Weekly #231;Shameless;BabyMarine;1;0;1;B;1
2025-11-17;Week. (B);Monday Night Weeklies #30;Shameless;Gerald;0;1;1;B;0
2025-11-17;Week. (B);Monday Night Weeklies #30;Shameless;Clem;0;2;3;B;0
2025-11-17;Week. (B);WardiTV Mondays #61;Shameless;ByuN;0;2;3;B;0
2025-11-17;Week. (B);Monday Night Weeklies #30;Shameless;goblin;2;1;3;B;1
2025-11-13;Biw. (B);Tenacious Turtle Tussle #35;Shameless;Percival;0;2;3;B;0
2025-11-13;Week. (B);PiGosaur Cup #57;Shameless;Solar;0;2;3;B;0
2025-11-13;Week. (B);PiGosaur Cup #57;Shameless;Vindicta;2;0;3;B;1
2025-11-13;Biw. (B);Tenacious Turtle Tussle #35;Shameless;Mixu;2;0;3;B;1
2025-11-10;Week. (B);WardiTV Mondays #59;Shameless;MaxPax;0;2;3;B;0
2025-11-10;Week. (B);WardiTV Mondays #60;Shameless;Percival;1;2;3;B;0
2025-11-09;Week. (B);Sparkling Tuna Cup #112;Shameless;SKillous;0;2;3;B;0
2025-11-09;Week. (B);Sparkling Tuna Cup #112;Shameless;RaGnaR;2;0;3;B;1
2025-11-08;Biw. (B);Korean Starcraft League #82;Shameless;YoungYakov;1;2;3;B;0
2025-11-08;C-Tier;Hatchery Cup #16;Shameless;Nicoract;2;3;5;C;0
2025-11-08;C-Tier;Hatchery Cup #16;Shameless;ART;2;1;3;C;1
2025-11-08;Biw. (B);Korean Starcraft League #82;Shameless;GREY_ELITE;2;0;3;B;1
2025-11-08;C-Tier;Hatchery Cup #16;Shameless;Tiger;2;0;3;C;1
2025-11-07;Week. (B);OSC KotH Weekly #230;Shameless;MilkiCow;0;1;1;B;0
2025-11-07;Week. (B);OSC KotH Weekly #230;Shameless;Solar;1;0;1;B;1
2025-11-05;Qual. (B);WardiTV Korean Royale Season 4 Q2;Shameless;Percival;1;2;3;B;0
2025-11-04;Qual. (B);WardiTV Korean Royale Season 4 Q1;Shameless;herO;1;2;3;B;0
2025-11-04;Week. (B);Sparkling Tuna Cup #111;Shameless;NightMare;1;2;3;B;0
2025-11-04;Week. (B);Sparkling Tuna Cup #111;Shameless;ReBellioN;2;0;3;B;1
2025-11-04;Week. (B);PiGosaur Cup #56;Shameless;Creator;0;2;3;B;0
2025-11-04;Qual. (B);WardiTV Korean Royale Season 4 Q1;Shameless;YoungYakov;2;1;3;B;1
2025-11-04;Week. (B);PiGosaur Cup #56;Shameless;Patches;2;0;3;B;1
2025-11-03;Week. (B);Monday Night Weeklies #29;Shameless;herO;0;1;1;B;0
2025-11-03;Week. (B);Monday Night Weeklies #29;Shameless;Solar;0;2;3;B;0
2025-11-03;Week. (B);Monday Night Weeklies #29;Shameless;MaxPax;2;1;3;B;1
2025-11-03;Week. (B);Monday Night Weeklies #29;Shameless;herO;2;0;3;B;1
2025-11-03;Week. (B);WardiTV Mondays #58;Shameless;herO;0;2;3;B;0
2025-11-03;Week. (B);WardiTV Mondays #58;Shameless;ReBellioN;2;0;3;B;1
2025-11-03;Week. (B);Monday Night Weeklies #29;Shameless;GgMaChine;2;1;3;B;1
2025-11-02;B-Tier;Monkey Anonymous Cup #1;Shameless;ART;0;1;1;B;0
2025-11-02;B-Tier;Monkey Anonymous Cup #1;Shameless;YoungYakov;1;2;3;B;0
2025-11-01;C-Tier;Zlony Arena Free MMR #1;Shameless;Nicoract;3;0;5;C;1
2025-11-01;C-Tier;Zlony Arena Free MMR #1;Shameless;Gerald;2;0;3;C;1
2025-11-01;C-Tier;Zlony Arena Free MMR #1;Shameless;YoungYakov;2;1;3;C;1
2025-11-01;C-Tier;Zlony Arena Free MMR #1;Shameless;Fallenger;2;1;3;C;1
2025-10-28;Week. (B);PiGosaur Cup #55;Shameless;Percival;0;2;3;B;0
2025-10-28;Week. (B);PiGosaur Cup #55;Shameless;Bulmyeolja;2;0;3;B;1
2025-10-27;Week. (B);Monday Night Weeklies #28;Shameless;GgMaChine;0;1;1;B;0
2025-10-27;Week. (B);Monday Night Weeklies #28;Shameless;MindelVK;1;0;1;B;1
2025-10-27;Week. (B);Monday Night Weeklies #28;Shameless;Clem;0;2;3;B;0
2025-10-27;Week. (B);Monday Night Weeklies #28;Shameless;YoungYakov;2;1;3;B;1
2025-10-26;B-Tier;WardiTV October 2025 - Group Stage;Shameless;Solar;0;2;3;B;0
2025-10-26;B-Tier;WardiTV October 2025 - Group Stage;Shameless;YoungYakov;2;1;3;B;1
2025-10-26;B-Tier;WardiTV October 2025 - Group Stage;Shameless;MaNa;0;2;3;B;0
2025-10-26;Qual. (A);RSL Revival: Season 3 Europe Qualifier;Shameless;YoungYakov;0;2;3;A;0
2025-10-25;B-Tier;Scarecraft;Shameless;Krystianer;3;4;5;B;0
2025-10-25;B-Tier;King of Olympus #4;Shameless;ART;0;1;1;B;0
2025-10-25;B-Tier;King of Olympus #4;Shameless;GgMaChine;1;0;1;B;1
2025-10-25;B-Tier;King of Olympus #4;Shameless;MilkiCow;1;0;1;B;1
2025-10-25;B-Tier;King of Olympus #4;Shameless;Wayne;1;0;1;B;1
2025-10-25;Qual. (A);RSL Revival: Season 3 Americas Qualifier;Shameless;Bunny;1;3;5;A;0
2025-10-25;B-Tier;Scarecraft;Shameless;Gerald;3;1;5;B;1
2025-10-25;B-Tier;Scarecraft;Shameless;Cellsidus;2;1;3;B;1
2025-10-25;B-Tier;Scarecraft;Shameless;TheRipper;2;0;3;B;1
2025-10-24;Mon. (B);PSC2L October;Shameless;Percival;1;3;5;B;0
2025-10-24;Mon. (B);PSC2L October;Shameless;Gerald;3;1;5;B;1
2025-10-24;Mon. (B);PSC2L October;Shameless;Jumy;2;1;3;B;1
2025-10-24;Qual. (A);RSL Revival: Season 3 Americas Qualifier;Shameless;Creator;2;1;3;A;1
2025-10-24;Qual. (A);RSL Revival: Season 3 Americas Qualifier;Shameless;Creature;2;0;3;A;1
2025-10-24;Mon. (B);PSC2L October;Shameless;Maxmor;2;0;3;B;1
2025-10-23;Biw. (B);Tenacious Turtle Tussle #34;Shameless;Percival;1;2;3;B;0
2025-10-22;Biw. (B);Tenacious Turtle Tussle #34;Shameless;Mixu;2;0;3;B;1
2025-10-22;Biw. (B);Tenacious Turtle Tussle #34;Shameless;sophisticate;2;0;3;B;1
2025-10-21;Qual. (B);WardiTV October 2025 Q1;Shameless;Solar;0;2;3;B;0
2025-10-21;Week. (B);PiGosaur Cup #54;Shameless;herO;1;2;3;B;0
2025-10-21;Qual. (B);WardiTV October 2025 Q2;Shameless;YoungYakov;0;2;3;B;0
2025-10-21;Qual. (B);WardiTV October 2025 Q1;Shameless;Percival;2;0;3;B;1
2025-10-21;Week. (B);PiGosaur Cup #54;Shameless;Mute;2;1;3;B;1
2025-10-18;B-Tier;Waterfall Cup #1;Shameless;Wayne;0;2;3;B;0
2025-10-18;B-Tier;Waterfall Cup #1;Shameless;Strange;1;0;1;B;1
2025-10-18;B-Tier;Waterfall Cup #1;Shameless;UltraMarine;1;0;1;B;1
2025-10-18;B-Tier;Waterfall Cup #1;Shameless;SKillous;1;0;1;B;1
2025-10-18;B-Tier;Waterfall Cup #1;Shameless;F2ClicK;1;0;1;B;1
2025-10-18;B-Tier;Waterfall Cup #1;Shameless;DefMars;1;2;3;B;0
2025-10-17;B-Tier;Kyuubi's Challenge #2;Shameless;Nicoract;0;2;3;B;0
2025-10-17;B-Tier;Kyuubi's Challenge #2;Shameless;YoungYakov;1;3;5;B;0
2025-10-17;B-Tier;Kyuubi's Challenge #2;Shameless;Replicant;3;0;5;B;1
2025-10-13;B-Tier;OSC Elite Rising Star #17;Shameless;Jumy;2;0;3;B;1
2025-10-13;B-Tier;OSC Elite Rising Star #17;Shameless;Demi;2;0;3;B;1
2025-10-13;B-Tier;OSC Elite Rising Star #17;Shameless;UedSoldier;2;0;3;B;1
2025-10-12;B-Tier;PORT 2025 Pro League #8;Shameless;YoungYakov;3;2;5;B;1
2025-10-12;B-Tier;PORT 2025 Pro League #8;Shameless;GgMaChine;1;0;1;B;1
2025-10-12;B-Tier;PORT 2025 Pro League #8;Shameless;UltraMarine;1;0;1;B;1
2025-10-12;B-Tier;PORT 2025 Pro League #8;Shameless;MilkiCow;1;0;1;B;1
2025-10-12;B-Tier;PORT 2025 Pro League #8;Shameless;MindelVK;1;0;1;B;1
2025-10-12;B-Tier;PORT 2025 Pro League #8;Shameless;ART;1;2;3;B;0
2025-10-01;Week. (B);PiGosaur Cup #51;Shameless;herO;2;3;5;B;0
2025-09-30;Week. (B);PiGosaur Cup #51;Shameless;ByuN;2;0;3;B;1
2025-09-30;Week. (B);PiGosaur Cup #51;Shameless;Matt;2;0;3;B;1
2025-09-29;B-Tier;2025 MFP Finals - Playoffs;Shameless;YoungYakov;4;1;5;B;1
2025-09-29;B-Tier;2025 MFP Finals - Playoffs;Shameless;GgMaChine;3;2;5;B;1
2025-09-28;B-Tier;2025 MFP Finals - GS Group A;Shameless;Replicant;2;1;3;B;1
2025-09-28;B-Tier;2025 MFP Finals - GS Group A;Shameless;YoungYakov;2;1;3;B;1
2025-09-24;B-Tier;LiuLi Cup Weekly #7;Shameless;MaxPax;0;2;3;B;0
2025-09-24;B-Tier;LiuLi Cup Weekly #7;Shameless;YoungYakov;2;0;3;B;1
2025-09-23;Week. (B);Sparkling Tuna Cup #107;Shameless;Creator;0;2;3;B;0
2025-09-23;Week. (B);Sparkling Tuna Cup #107;Shameless;sebesdes;2;0;3;B;1
2025-09-23;B-Tier;WardiTV PTR 2025;Shameless;Percival;1;2;3;B;0
2025-09-22;Week. (B);WardiTV Mondays #52;Shameless;MaxPax;0;3;5;B;0
2025-09-22;Week. (B);WardiTV Mondays #52;Shameless;ByuN;2;0;3;B;1
2025-09-22;Week. (B);Monday Night Weeklies #24 PTR;Shameless;herO;0;1;1;B;0
2025-09-22;Week. (B);Monday Night Weeklies #24 PTR;Shameless;Percival;1;0;1;B;1
2025-09-22;Week. (B);Monday Night Weeklies #24 PTR;Shameless;ReBellioN;1;0;1;B;1
2025-09-22;Week. (B);Monday Night Weeklies #24 PTR;Shameless;MaxPax;0;2;3;B;0
2025-09-22;Week. (B);WardiTV Mondays #52;Shameless;Nicoract;2;1;3;B;1
2025-09-22;Week. (B);WardiTV Mondays #52;Shameless;Lambo;2;1;3;B;1
2025-09-22;Week. (B);Monday Night Weeklies #24 PTR;Shameless;RaGnaR;2;0;3;B;1
2025-09-21;Mon. (B);PSC2L September;Shameless;Krystianer;3;0;5;B;1
2025-09-21;Mon. (B);PSC2L September;Shameless;Gerald;2;0;3;B;1
2025-09-21;B-Tier;PORT 2025 Pro League #6;Shameless;ART;0;1;1;B;0
2025-09-21;B-Tier;PORT 2025 Pro League #6;Shameless;Fallenger;1;0;1;B;1
2025-09-21;Mon. (B);PSC2L September;Shameless;ART;2;0;3;B;1
2025-09-21;B-Tier;PORT 2025 Pro League #6;Shameless;Vaxxxooro;1;0;1;B;1
2025-09-20;B-Tier;Sunny Lake Cup #3;Shameless;YoungYakov;2;0;3;B;1
2025-09-20;B-Tier;Sunny Lake Cup #3;Shameless;Wayne;0;2;3;B;0
2025-09-20;B-Tier;Sunny Lake Cup #3;Shameless;SKillous;1;1;3;B;0
2025-09-20;B-Tier;Sunny Lake Cup #3;Shameless;ART;0;2;3;B;0
2025-09-20;B-Tier;Sunny Lake Cup #3;Shameless;GgMaChine;1;1;3;B;0
2025-09-20;B-Tier;Sunny Lake Cup #3;Shameless;UedSoldier;2;0;3;B;1
2025-09-20;B-Tier;Sunny Lake Cup #3;Shameless;Nicoract;1;1;3;B;0
2025-09-16;Week. (B);OSC KotH Weekly #225;Shameless;Moja;0;1;1;B;0
2025-09-16;Week. (B);OSC KotH Weekly #225;Shameless;sebesdes;1;0;1;B;1
2026-01-14;B-Tier;WardiTV Cup - Group C;YoungYakov;Shameless;2;1;3;B;1
2026-01-14;B-Tier;WardiTV Cup - Group C;GuMiho;Shameless;1;2;3;B;0
2026-01-14;B-Tier;WardiTV Cup - Group C;Creator;Shameless;2;0;3;B;1
2026-01-12;Week. (B);Monday Night Weeklies #36;Bunny;Shameless;2;1;3;B;1
2026-01-12;Qual. (S);Rongyi Cup S3: Qualifier #2;GuMiho;Shameless;2;1;3;S;1
2026-01-12;Qual. (S);Rongyi Cup S3: Qualifier #2;Ryung;Shameless;1;2;3;S;0
2026-01-12;Week. (B);WardiTV Mondays #69;Elazer;Shameless;2;1;3;B;1
2026-01-11;Qual. (S);Rongyi Cup S3: Qualifier #1;Cyan;Shameless;2;1;3;S;1
2026-01-11;Qual. (S);Rongyi Cup S3: Qualifier #1;Cure;Shameless;1;2;3;S;0
2026-01-10;Qual. (B);WardiTV Winter Cup Qual;Creator;Shameless;2;0;3;B;1
2026-01-10;Qual. (B);WardiTV Winter Cup Qual;Cure;Shameless;0;2;3;B;0
2026-01-07;A-Tier;OSC Championship Season 13 - Championship Bracket;Krystianer;Shameless;3;2;5;A;1
2026-01-07;A-Tier;OSC Championship Season 13 - Championship Bracket;Jumy;Shameless;0;3;5;A;0
2026-01-06;Week. (B);PiGosaur Cup #63;Clem;Shameless;2;0;3;B;1
2026-01-06;Week. (B);PiGosaur Cup #63;Percival;Shameless;0;2;3;B;0
2026-01-05;B-Tier;Mini Rotti Monday #2;YoungYakov;Shameless;1;0;1;B;1
2026-01-05;B-Tier;Mini Rotti Monday #2;sebesdes;Shameless;0;1;1;B;0
2026-01-05;B-Tier;Mini Rotti Monday #2;Krystianer;Shameless;2;0;3;B;1
2026-01-05;B-Tier;Mini Rotti Monday #2;ART;Shameless;1;2;3;B;0
2026-01-03;B-Tier;PSC2L Finals;Creator;Shameless;3;2;5;B;1
2026-01-03;B-Tier;The 5.4k Patch Clash #10;INexorable;Shameless;1;0;1;B;1
2026-01-03;B-Tier;The 5.4k Patch Clash #10;HonMonO;Shameless;0;1;1;B;0
2026-01-03;B-Tier;The 5.4k Patch Clash #10;Mixu;Shameless;2;1;3;B;1
2026-01-02;B-Tier;PSC2L Finals;Gerald;Shameless;3;1;5;B;1
2026-01-01;B-Tier;PSC2L Finals;NightMare;Shameless;1;2;3;B;0
2025-12-29;Week. (B);WardiTV Mondays #67;Clem;Shameless;2;0;3;B;1
2025-12-25;B-Tier;3D! New Year Challenge;DefMars;Shameless;2;1;3;B;1
2025-12-25;B-Tier;3D! New Year Challenge;UltraMarine;Shameless;0;2;3;B;0
2025-12-22;Week. (B);Monday Night Weeklies #35;Percival;Shameless;1;0;1;B;1
2025-12-22;Week. (B);Monday Night Weeklies #35;INexorable;Shameless;0;1;1;B;0
2025-12-22;Week. (B);Monday Night Weeklies #35;Nicoract;Shameless;2;0;3;B;1
2025-12-22;Week. (B);WardiTV Mondays #66;ByuN;Shameless;2;0;3;B;1
2025-12-21;C-Tier;Winter Warp Gate Masters #1;Krystianer;Shameless;0;2;3;C;0
2025-12-21;C-Tier;Winter Warp Gate Masters #1;ByuN;Shameless;3;0;5;C;1
2025-12-21;C-Tier;Winter Warp Gate Masters #1;Percival;Shameless;0;2;3;C;0
2025-12-21;C-Tier;Winter Warp Gate Masters #1;printf;Shameless;0;2;3;C;0
2025-12-19;Week. (B);OSC KotH Weekly #234;Gerald;Shameless;1;0;1;B;1
2025-12-19;Week. (B);OSC KotH Weekly #234;Cham;Shameless;0;1;1;B;0
2025-12-18;A-Tier;WardiTV 2025 - Championship Bracket;Rogue;Shameless;3;1;5;A;1
2025-12-17;B-Tier;OSC Elite Rising Star #17;YoungYakov;Shameless;3;1;5;B;1
2025-12-17;A-Tier;WardiTV 2025 - Championship Bracket;MaxPax;Shameless;3;1;5;A;1
2025-12-17;A-Tier;WardiTV 2025 - Championship Bracket;MaNa;Shameless;0;3;5;A;0
2025-12-16;A-Tier;WardiTV 2025 - Championship Bracket;uThermal;Shameless;1;3;5;A;0
2025-12-16;Week. (B);PiGosaur Cup #62;MaxPax;Shameless;2;0;3;B;1
2025-12-16;Week. (B);PiGosaur Cup #62;Creator;Shameless;1;2;3;B;0
2025-12-15;Week. (B);Monday Night Weeklies #34;Percival;Shameless;1;0;1;B;1
2025-12-15;Week. (B);Monday Night Weeklies #34;Clem;Shameless;2;0;3;B;1
2025-12-15;Week. (B);Monday Night Weeklies #34;YoungYakov;Shameless;0;2;3;B;0
2025-12-14;B-Tier;Waterfall Cup #2;YoungYakov;Shameless;2;0;3;B;1
2025-12-14;B-Tier;Waterfall Cup #2;GgMaChine;Shameless;0;1;1;B;0
2025-12-14;B-Tier;Waterfall Cup #2;MilkiCow;Shameless;0;1;1;B;0
2025-12-14;B-Tier;Waterfall Cup #2;vaxxxooro;Shameless;0;1;1;B;0
2025-12-14;B-Tier;Waterfall Cup #2;Wayne;Shameless;2;0;3;B;1
2025-12-14;B-Tier;Waterfall Cup #2;F2ClicK;Shameless;0;2;3;B;0
2025-12-11;Biw. (B);Tenacious Turtle Tussle #37;ByuN;Shameless;3;2;5;B;1
2025-12-11;Biw. (B);Tenacious Turtle Tussle #37;Percival;Shameless;0;2;3;B;0
2025-12-11;Biw. (B);Tenacious Turtle Tussle #37;ReBellioN;Shameless;0;2;3;B;0
2025-12-10;C-Tier;Null Cup - Playoffs;ART;Shameless;3;2;5;C;1
2025-12-10;C-Tier;Null Cup - Playoffs;MindelVK;Shameless;1;2;3;C;0
2025-12-10;C-Tier;Null Cup - Group Stage;ART;Shameless;0;1;1;C;0
2025-12-10;C-Tier;Null Cup - Group Stage;SunRise;Shameless;1;0;1;C;1
2025-12-10;C-Tier;Null Cup - Group Stage;iosup;Shameless;0;1;1;C;0
2025-12-10;C-Tier;Null Cup - Group Stage;MindelVK;Shameless;0;1;1;C;0
2025-12-10;C-Tier;Null Cup - Group Stage;Sting1983;Shameless;0;1;1;C;0
2025-12-09;Week. (B);PiGosaur Cup #61;Percival;Shameless;2;1;3;B;1
2025-12-09;Week. (B);PiGosaur Cup #61;Patches;Shameless;0;2;3;B;0
2025-12-08;Week. (B);Monday Night Weeklies #33;Percival;Shameless;1;0;1;B;1
2025-12-08;Week. (B);Monday Night Weeklies #33;MaNa;Shameless;0;1;1;B;0
2025-12-08;Week. (B);Monday Night Weeklies #33;Nicoract;Shameless;0;1;1;B;0
2025-12-08;Week. (B);Monday Night Weeklies #33;Clem;Shameless;2;0;3;B;1
2025-12-08;Week. (B);Monday Night Weeklies #33;Gerald;Shameless;1;2;3;B;0
2025-12-07;Week. (B);OSC KotH Weekly #233;YoungYakov;Shameless;1;0;1;B;1
2025-12-07;A-Tier;WardiTV 2025 - Group Stage;Scarlett;Shameless;0;2;3;A;0
2025-12-07;A-Tier;WardiTV 2025 - Group Stage;Ryung;Shameless;0;2;3;A;0
2025-12-07;A-Tier;WardiTV 2025 - Group Stage;Rogue;Shameless;2;1;3;A;1
2025-12-07;A-Tier;WardiTV 2025 - Group Stage;NightMare;Shameless;2;0;3;A;1
2025-12-04;B-Tier;OSC Elite Rising Star #17;Percival;Shameless;2;3;5;B;0
2025-12-02;Week. (B);PiGosaur Cup #60;herO;Shameless;2;1;3;B;1
2025-12-02;Week. (B);PiGosaur Cup #60;ReBellioN;Shameless;0;2;3;B;0
2025-12-01;Week. (B);Monday Night Weeklies #32;Creator;Shameless;0;1;1;B;0
2025-12-01;Week. (B);Monday Night Weeklies #32;YoungYakov;Shameless;0;1;1;B;0
2025-12-01;Week. (B);Monday Night Weeklies #32;MaxPax;Shameless;1;0;1;B;1
2025-12-01;Week. (B);Monday Night Weeklies #32;MindelVK;Shameless;0;1;1;B;0
2025-12-01;Week. (B);WardiTV Mondays #63;Reynor;Shameless;2;1;3;B;1
2025-12-01;Week. (B);Monday Night Weeklies #32;herO;Shameless;2;1;3;B;1
2025-12-01;Week. (B);Monday Night Weeklies #32;Percival;Shameless;0;2;3;B;0
2025-11-30;Mon. (B);Sparkling Tuna Cup November;SKillous;Shameless;3;0;5;B;1
2025-11-30;Mon. (B);Sparkling Tuna Cup November;ByuN;Shameless;1;2;3;B;0
2025-11-29;B-Tier;PORT 2025 Pro League #10;MilkiCow;Shameless;1;0;1;B;1
2025-11-29;B-Tier;PORT 2025 Pro League #10;YoungYakov;Shameless;0;1;1;B;0
2025-11-29;B-Tier;PORT 2025 Pro League #10;ART;Shameless;2;0;3;B;1
2025-11-29;Mon. (B);PSC2L November;Nicoract;Shameless;3;1;5;B;1
2025-11-29;B-Tier;PORT 2025 Pro League #10;Well;Shameless;0;2;3;B;0
2025-11-29;Mon. (B);PSC2L November;Percival;Shameless;1;2;3;B;0
2025-11-27;Biw. (B);Tenacious Turtle Tussle #36;ByuN;Shameless;2;0;3;B;1
2025-11-27;Biw. (B);Tenacious Turtle Tussle #36;Nicoract;Shameless;0;2;3;B;0
2025-11-27;Biw. (B);Tenacious Turtle Tussle #36;ErebusBlack;Shameless;0;2;3;B;0
2025-11-25;Week. (B);PiGosaur Cup #59;Percival;Shameless;2;0;3;B;1
2025-11-24;Week. (B);WardiTV Mondays #62;herO;Shameless;2;0;3;B;1
2025-11-24;Week. (B);Monday Night Weeklies #31;ART;Shameless;1;0;1;B;1
2025-11-24;Week. (B);Monday Night Weeklies #31;Clem;Shameless;2;0;3;B;1
2025-11-24;Week. (B);WardiTV Mondays #62;Gerald;Shameless;1;2;3;B;0
2025-11-24;Week. (B);Monday Night Weeklies #31;YoungYakov;Shameless;1;2;3;B;0
2025-11-23;Qual. (A);WardiTV 2025 BQ;LetaleX;Shameless;1;2;3;A;0
2025-11-23;B-Tier;PORT 2025 Pro League #9;YoungYakov;Shameless;0;3;5;B;0
2025-11-23;B-Tier;PORT 2025 Pro League #9;GgMaChine;Shameless;1;2;3;B;0
2025-11-23;B-Tier;PORT 2025 Pro League #9;YoungYakov;Shameless;0;2;3;B;0
2025-11-23;Qual. (A);WardiTV 2025 BQ;MilkiCow;Shameless;0;2;3;A;0
2025-11-23;B-Tier;PORT 2025 Pro League #9;DefMars;Shameless;0;2;3;B;0
2025-11-20;Week. (B);OSC KotH Weekly #231;Gerald;Shameless;1;0;1;B;1
2025-11-20;Week. (B);OSC KotH Weekly #231;Jumy;Shameless;0;1;1;B;0
2025-11-20;Week. (B);OSC KotH Weekly #231;Demi;Shameless;0;1;1;B;0
2025-11-20;Week. (B);OSC KotH Weekly #231;BabyMarine;Shameless;0;1;1;B;0
2025-11-17;Week. (B);Monday Night Weeklies #30;Gerald;Shameless;1;0;1;B;1
2025-11-17;Week. (B);Monday Night Weeklies #30;Clem;Shameless;2;0;3;B;1
2025-11-17;Week. (B);WardiTV Mondays #61;ByuN;Shameless;2;0;3;B;1
2025-11-17;Week. (B);Monday Night Weeklies #30;goblin;Shameless;1;2;3;B;0
2025-11-13;Biw. (B);Tenacious Turtle Tussle #35;Percival;Shameless;2;0;3;B;1
2025-11-13;Week. (B);PiGosaur Cup #57;Solar;Shameless;2;0;3;B;1
2025-11-13;Week. (B);PiGosaur Cup #57;Vindicta;Shameless;0;2;3;B;0
2025-11-13;Biw. (B);Tenacious Turtle Tussle #35;Mixu;Shameless;0;2;3;B;0
2025-11-10;Week. (B);WardiTV Mondays #59;MaxPax;Shameless;2;0;3;B;1
2025-11-10;Week. (B);WardiTV Mondays #60;Percival;Shameless;2;1;3;B;1
2025-11-09;Week. (B);Sparkling Tuna Cup #112;SKillous;Shameless;2;0;3;B;1
2025-11-09;Week. (B);Sparkling Tuna Cup #112;RaGnaR;Shameless;0;2;3;B;0
2025-11-08;Biw. (B);Korean Starcraft League #82;YoungYakov;Shameless;2;1;3;B;1
2025-11-08;C-Tier;Hatchery Cup #16;Nicoract;Shameless;3;2;5;C;1
2025-11-08;C-Tier;Hatchery Cup #16;ART;Shameless;1;2;3;C;0
2025-11-08;Biw. (B);Korean Starcraft League #82;GREY_ELITE;Shameless;0;2;3;B;0
2025-11-08;C-Tier;Hatchery Cup #16;Tiger;Shameless;0;2;3;C;0
2025-11-07;Week. (B);OSC KotH Weekly #230;MilkiCow;Shameless;1;0;1;B;1
2025-11-07;Week. (B);OSC KotH Weekly #230;Solar;Shameless;0;1;1;B;0
2025-11-05;Qual. (B);WardiTV Korean Royale Season 4 Q2;Percival;Shameless;2;1;3;B;1
2025-11-04;Qual. (B);WardiTV Korean Royale Season 4 Q1;herO;Shameless;2;1;3;B;1
2025-11-04;Week. (B);Sparkling Tuna Cup #111;NightMare;Shameless;2;1;3;B;1
2025-11-04;Week. (B);Sparkling Tuna Cup #111;ReBellioN;Shameless;0;2;3;B;0
2025-11-04;Week. (B);PiGosaur Cup #56;Creator;Shameless;2;0;3;B;1
2025-11-04;Qual. (B);WardiTV Korean Royale Season 4 Q1;YoungYakov;Shameless;1;2;3;B;0
2025-11-04;Week. (B);PiGosaur Cup #56;Patches;Shameless;0;2;3;B;0
2025-11-03;Week. (B);Monday Night Weeklies #29;herO;Shameless;1;0;1;B;1
2025-11-03;Week. (B);Monday Night Weeklies #29;Solar;Shameless;2;0;3;B;1
2025-11-03;Week. (B);Monday Night Weeklies #29;MaxPax;Shameless;1;2;3;B;0
2025-11-03;Week. (B);Monday Night Weeklies #29;herO;Shameless;0;2;3;B;0
2025-11-03;Week. (B);WardiTV Mondays #58;herO;Shameless;2;0;3;B;1
2025-11-03;Week. (B);WardiTV Mondays #58;ReBellioN;Shameless;0;2;3;B;0
2025-11-03;Week. (B);Monday Night Weeklies #29;GgMaChine;Shameless;1;2;3;B;0
2025-11-02;B-Tier;Monkey Anonymous Cup #1;ART;Shameless;1;0;1;B;1
2025-11-02;B-Tier;Monkey Anonymous Cup #1;YoungYakov;Shameless;2;1;3;B;1
2025-11-01;C-Tier;Zlony Arena Free MMR #1;Nicoract;Shameless;0;3;5;C;0
2025-11-01;C-Tier;Zlony Arena Free MMR #1;Gerald;Shameless;0;2;3;C;0
2025-11-01;C-Tier;Zlony Arena Free MMR #1;YoungYakov;Shameless;1;2;3;C;0
2025-11-01;C-Tier;Zlony Arena Free MMR #1;Fallenger;Shameless;1;2;3;C;0
2025-10-28;Week. (B);PiGosaur Cup #55;Percival;Shameless;2;0;3;B;1
2025-10-28;Week. (B);PiGosaur Cup #55;Bulmyeolja;Shameless;0;2;3;B;0
2025-10-27;Week. (B);Monday Night Weeklies #28;GgMaChine;Shameless;1;0;1;B;1
2025-10-27;Week. (B);Monday Night Weeklies #28;MindelVK;Shameless;0;1;1;B;0
2025-10-27;Week. (B);Monday Night Weeklies #28;Clem;Shameless;2;0;3;B;1
2025-10-27;Week. (B);Monday Night Weeklies #28;YoungYakov;Shameless;1;2;3;B;0
2025-10-26;B-Tier;WardiTV October 2025 - Group Stage;Solar;Shameless;2;0;3;B;1
2025-10-26;B-Tier;WardiTV October 2025 - Group Stage;YoungYakov;Shameless;1;2;3;B;0
2025-10-26;B-Tier;WardiTV October 2025 - Group Stage;MaNa;Shameless;2;0;3;B;1
2025-10-26;Qual. (A);RSL Revival: Season 3 Europe Qualifier;YoungYakov;Shameless;2;0;3;A;1
2025-10-25;B-Tier;Scarecraft;Krystianer;Shameless;4;3;5;B;1
2025-10-25;B-Tier;King of Olympus #4;ART;Shameless;1;0;1;B;1
2025-10-25;B-Tier;King of Olympus #4;GgMaChine;Shameless;0;1;1;B;0
2025-10-25;B-Tier;King of Olympus #4;MilkiCow;Shameless;0;1;1;B;0
2025-10-25;B-Tier;King of Olympus #4;Wayne;Shameless;0;1;1;B;0
2025-10-25;Qual. (A);RSL Revival: Season 3 Americas Qualifier;Bunny;Shameless;3;1;5;A;1
2025-10-25;B-Tier;Scarecraft;Gerald;Shameless;1;3;5;B;0
2025-10-25;B-Tier;Scarecraft;Cellsidus;Shameless;1;2;3;B;0
2025-10-25;B-Tier;Scarecraft;TheRipper;Shameless;0;2;3;B;0
2025-10-24;Mon. (B);PSC2L October;Percival;Shameless;3;1;5;B;1
2025-10-24;Mon. (B);PSC2L October;Gerald;Shameless;1;3;5;B;0
2025-10-24;Mon. (B);PSC2L October;Jumy;Shameless;1;2;3;B;0
2025-10-24;Qual. (A);RSL Revival: Season 3 Americas Qualifier;Creator;Shameless;1;2;3;A;0
2025-10-24;Qual. (A);RSL Revival: Season 3 Americas Qualifier;Creature;Shameless;0;2;3;A;0
2025-10-24;Mon. (B);PSC2L October;Maxmor;Shameless;0;2;3;B;0
2025-10-23;Biw. (B);Tenacious Turtle Tussle #34;Percival;Shameless;2;1;3;B;1
2025-10-22;Biw. (B);Tenacious Turtle Tussle #34;Mixu;Shameless;0;2;3;B;0
2025-10-22;Biw. (B);Tenacious Turtle Tussle #34;sophisticate;Shameless;0;2;3;B;0
2025-10-21;Qual. (B);WardiTV October 2025 Q1;Solar;Shameless;2;0;3;B;1
2025-10-21;Week. (B);PiGosaur Cup #54;herO;Shameless;2;1;3;B;1
2025-10-21;Qual. (B);WardiTV October 2025 Q2;YoungYakov;Shameless;2;0;3;B;1
2025-10-21;Qual. (B);WardiTV October 2025 Q1;Percival;Shameless;0;2;3;B;0
2025-10-21;Week. (B);PiGosaur Cup #54;Mute;Shameless;1;2;3;B;0
2025-10-18;B-Tier;Waterfall Cup #1;Wayne;Shameless;2;0;3;B;1
2025-10-18;B-Tier;Waterfall Cup #1;Strange;Shameless;0;1;1;B;0
2025-10-18;B-Tier;Waterfall Cup #1;UltraMarine;Shameless;0;1;1;B;0
2025-10-18;B-Tier;Waterfall Cup #1;SKillous;Shameless;0;1;1;B;0
2025-10-18;B-Tier;Waterfall Cup #1;F2ClicK;Shameless;0;1;1;B;0
2025-10-18;B-Tier;Waterfall Cup #1;DefMars;Shameless;2;1;3;B;1
2025-10-17;B-Tier;Kyuubi's Challenge #2;Nicoract;Shameless;2;0;3;B;1
2025-10-17;B-Tier;Kyuubi's Challenge #2;YoungYakov;Shameless;3;1;5;B;1
2025-10-17;B-Tier;Kyuubi's Challenge #2;Replicant;Shameless;0;3;5;B;0
2025-10-13;B-Tier;OSC Elite Rising Star #17;Jumy;Shameless;0;2;3;B;0
2025-10-13;B-Tier;OSC Elite Rising Star #17;Demi;Shameless;0;2;3;B;0
2025-10-13;B-Tier;OSC Elite Rising Star #17;UedSoldier;Shameless;0;2;3;B;0
2025-10-12;B-Tier;PORT 2025 Pro League #8;YoungYakov;Shameless;2;3;5;B;0
2025-10-12;B-Tier;PORT 2025 Pro League #8;GgMaChine;Shameless;0;1;1;B;0
2025-10-12;B-Tier;PORT 2025 Pro League #8;UltraMarine;Shameless;0;1;1;B;0
2025-10-12;B-Tier;PORT 2025 Pro League #8;MilkiCow;Shameless;0;1;1;B;0
2025-10-12;B-Tier;PORT 2025 Pro League #8;MindelVK;Shameless;0;1;1;B;0
2025-10-12;B-Tier;PORT 2025 Pro League #8;ART;Shameless;2;1;3;B;1
2025-10-01;Week. (B);PiGosaur Cup #51;herO;Shameless;3;2;5;B;1
2025-09-30;Week. (B);PiGosaur Cup #51;ByuN;Shameless;0;2;3;B;0
2025-09-30;Week. (B);PiGosaur Cup #51;Matt;Shameless;0;2;3;B;0
2025-09-29;B-Tier;2025 MFP Finals - Playoffs;YoungYakov;Shameless;1;4;5;B;0
2025-09-29;B-Tier;2025 MFP Finals - Playoffs;GgMaChine;Shameless;2;3;5;B;0
2025-09-28;B-Tier;2025 MFP Finals - GS Group A;Replicant;Shameless;1;2;3;B;0
2025-09-28;B-Tier;2025 MFP Finals - GS Group A;YoungYakov;Shameless;1;2;3;B;0
2025-09-24;B-Tier;LiuLi Cup Weekly #7;MaxPax;Shameless;2;0;3;B;1
2025-09-24;B-Tier;LiuLi Cup Weekly #7;YoungYakov;Shameless;0;2;3;B;0
2025-09-23;Week. (B);Sparkling Tuna Cup #107;Creator;Shameless;2;0;3;B;1
2025-09-23;Week. (B);Sparkling Tuna Cup #107;sebesdes;Shameless;0;2;3;B;0
2025-09-23;B-Tier;WardiTV PTR 2025;Percival;Shameless;2;1;3;B;1
2025-09-22;Week. (B);WardiTV Mondays #52;MaxPax;Shameless;3;0;5;B;1
2025-09-22;Week. (B);WardiTV Mondays #52;ByuN;Shameless;0;2;3;B;0
2025-09-22;Week. (B);Monday Night Weeklies #24 PTR;herO;Shameless;1;0;1;B;1
2025-09-22;Week. (B);Monday Night Weeklies #24 PTR;Percival;Shameless;0;1;1;B;0
2025-09-22;Week. (B);Monday Night Weeklies #24 PTR;ReBellioN;Shameless;0;1;1;B;0
2025-09-22;Week. (B);Monday Night Weeklies #24 PTR;MaxPax;Shameless;2;0;3;B;1
2025-09-22;Week. (B);WardiTV Mondays #52;Nicoract;Shameless;1;2;3;B;0
2025-09-22;Week. (B);WardiTV Mondays #52;Lambo;Shameless;1;2;3;B;0
2025-09-22;Week. (B);Monday Night Weeklies #24 PTR;RaGnaR;Shameless;0;2;3;B;0
2025-09-21;Mon. (B);PSC2L September;Krystianer;Shameless;0;3;5;B;0
2025-09-21;Mon. (B);PSC2L September;Gerald;Shameless;0;2;3;B;0
2025-09-21;B-Tier;PORT 2025 Pro League #6;ART;Shameless;1;0;1;B;1
2025-09-21;B-Tier;PORT 2025 Pro League #6;Fallenger;Shameless;0;1;1;B;0
2025-09-21;Mon. (B);PSC2L September;ART;Shameless;0;2;3;B;0
2025-09-21;B-Tier;PORT 2025 Pro League #6;Vaxxxooro;Shameless;0;1;1;B;0
2025-09-20;B-Tier;Sunny Lake Cup #3;YoungYakov;Shameless;0;2;3;B;0
2025-09-20;B-Tier;Sunny Lake Cup #3;Wayne;Shameless;2;0;3;B;1
2025-09-20;B-Tier;Sunny Lake Cup #3;SKillous;Shameless;1;1;3;B;0
2025-09-20;B-Tier;Sunny Lake Cup #3;ART;Shameless;2;0;3;B;1
2025-09-20;B-Tier;Sunny Lake Cup #3;GgMaChine;Shameless;1;1;3;B;0
2025-09-20;B-Tier;Sunny Lake Cup #3;UedSoldier;Shameless;0;2;3;B;0
2025-09-20;B-Tier;Sunny Lake Cup #3;Nicoract;Shameless;1;1;3;B;0
2025-09-16;Week. (B);OSC KotH Weekly #225;Moja;Shameless;1;0;1;B;1
2025-09-16;Week. (B);OSC KotH Weekly #225;sebesdes;Shameless;0;1;1;B;0
