date;match;tournament;player;oponent;player_wins;oponent_wins;best_of;tournament_tier;target
2026-01-13;Week. (B);PiGosaur Cup #64;Solar;MaxPax;3;2;5;B;1
2026-01-13;Week. (B);PiGosaur Cup #64;Solar;ByuN;3;1;5;B;1
2026-01-13;B-Tier;WardiTV Cup - Group B;Solar;Cure;1;2;3;B;0
2026-01-13;B-Tier;WardiTV Cup - Group B;Solar;herO;0;2;3;B;0
2026-01-13;B-Tier;WardiTV Cup - Group B;Solar;Gerald;2;1;3;B;1
2026-01-13;Week. (B);PiGosaur Cup #64;Solar;Mucous;2;0;3;B;1
2026-01-13;Week. (B);PiGosaur Cup #64;Solar;Defiance;2;0;3;B;1
2026-01-12;Week. (B);WardiTV Mondays #69;Solar;Clem;0;2;3;B;0
2026-01-12;Week. (B);WardiTV Mondays #69;Solar;Nicoract;2;0;3;B;1
2026-01-08;A-Tier;OSC Championship Season 13 - Championship Bracket;Solar;Classic;1;3;5;A;0
2026-01-06;Week. (B);PiGosaur Cup #63;Solar;Clem;1;3;5;B;0
2026-01-06;Week. (B);PiGosaur Cup #63;Solar;ByuN;2;1;3;B;1
2026-01-06;Week. (B);PiGosaur Cup #63;Solar;Hardwell;2;0;3;B;1
2026-01-05;Week. (B);WardiTV Mondays #68;Solar;Clem;1;2;3;B;0
2026-01-05;Week. (B);WardiTV Mondays #68;Solar;Ryung;2;0;3;B;1
2025-12-30;B-Tier;OSC 2025 MSP #2;Solar;MaxPax;3;4;5;B;0
2025-12-30;B-Tier;OSC 2025 MSP #2;Solar;MaxPax;3;1;5;B;1
2025-12-25;B-Tier;WardiTV Christmas Day Games 2025;Solar;herO;1;4;5;B;0
2025-12-25;B-Tier;WardiTV Christmas Day Games 2025;Solar;Classic;4;2;5;B;1
2025-12-25;B-Tier;WardiTV Christmas Day Games 2025;Solar;ByuN;3;2;5;B;1
2025-12-21;A-Tier;WardiTV 2025 - Championship Bracket;Solar;Reynor;2;3;5;A;0
2025-12-20;A-Tier;WardiTV 2025 - Championship Bracket;Solar;Classic;1;3;5;A;0
2025-12-20;A-Tier;WardiTV 2025 - Championship Bracket;Solar;herO;3;2;5;A;1
2025-12-18;A-Tier;WardiTV 2025 - Championship Bracket;Solar;Cure;3;0;5;A;1
2025-12-16;Week. (B);PiGosaur Cup #62;Solar;MaxPax;2;3;5;B;0
2025-12-16;Week. (B);PiGosaur Cup #62;Solar;YoungYakov;2;1;3;B;1
2025-12-16;Week. (B);PiGosaur Cup #62;Solar;Hupsaiya;2;0;3;B;1
2025-12-15;Week. (B);Monday Night Weeklies #34;Solar;Percival;0;1;1;B;0
2025-12-15;Week. (B);Monday Night Weeklies #34;Solar;MaxPax;0;2;3;B;0
2025-12-15;Week. (B);Monday Night Weeklies #34;Solar;MilkiCow;2;0;3;B;1
2025-12-15;Week. (B);Monday Night Weeklies #34;Solar;Fjant;2;0;3;B;1
2025-12-13;B-Tier;Masters Cup 150 - Playoffs;Solar;ByuN;0;3;5;B;0
2025-12-13;B-Tier;Masters Cup 150 - Playoffs;Solar;Creator;3;0;5;B;1
2025-12-13;B-Tier;Masters Cup 150 - Playoffs;Solar;Nicoract;3;0;5;B;1
2025-12-13;B-Tier;Masters Cup 150 - Playoffs;Solar;Percival;3;0;5;B;1
2025-12-13;A-Tier;RSL Offline Finals - Open Bracket Stage;Solar;Reynor;2;3;5;A;0
2025-12-13;A-Tier;RSL Offline Finals - Open Bracket Stage;Solar;Creator;3;1;5;A;1
2025-12-13;A-Tier;RSL Offline Finals - Open Bracket Stage;Solar;Rex;3;0;5;A;1
2025-12-12;A-Tier;WardiTV 2025 - Seeding matches;Solar;MaxPax;2;0;3;A;1
2025-12-12;A-Tier;WardiTV 2025 - Seeding matches;Solar;ByuN;1;2;3;A;0
2025-12-12;A-Tier;WardiTV 2025 - Seeding matches;Solar;Classic;0;2;3;A;0
2025-12-09;Week. (B);PiGosaur Cup #61;Solar;Cure;1;3;5;B;0
2025-12-09;Week. (B);PiGosaur Cup #61;Solar;Percival;3;1;5;B;1
2025-12-09;Week. (B);PiGosaur Cup #61;Solar;cellsidus;2;0;3;B;1
2025-12-09;Week. (B);PiGosaur Cup #61;Solar;Perceive;2;0;3;B;1
2025-12-08;Week. (B);WardiTV Mondays #64;Solar;MaxPax;0;2;3;B;0
2025-12-08;Week. (B);WardiTV Mondays #64;Solar;ShoWTimE;2;1;3;B;1
2025-12-08;Week. (B);WardiTV Mondays #64;Solar;MaNa;2;0;3;B;1
2025-12-07;Week. (B);OSC KotH Weekly #233;Solar;YoungYakov;0;1;1;B;0
2025-12-07;Week. (B);OSC KotH Weekly #233;Solar;ArT;1;0;1;B;1
2025-12-07;Week. (B);OSC KotH Weekly #233;Solar;MaNa;1;0;1;B;1
2025-12-07;Week. (B);OSC KotH Weekly #233;Solar;Nicoract;1;0;1;B;1
2025-12-07;Week. (B);OSC KotH Weekly #233;Solar;MilkiCow;1;0;1;B;1
2025-12-07;Week. (B);OSC KotH Weekly #233;Solar;Gerald;1;0;1;B;1
2025-12-07;Week. (B);OSC KotH Weekly #233;Solar;Krystianer;1;0;1;B;1
2025-12-07;Week. (B);OSC KotH Weekly #233;Solar;Iba;1;0;1;B;1
2025-12-07;Week. (B);OSC KotH Weekly #233;Solar;MaxPax;1;0;1;B;1
2025-12-06;B-Tier;Masters Cup 150 - Playoffs;Solar;Creator;0;2;3;B;0
2025-12-06;Biw. (B);StarCraft Evolution League #17;Solar;Classic;3;0;5;B;1
2025-12-06;Biw. (B);StarCraft Evolution League #17;Solar;TaeJa;3;0;5;B;1
2025-12-06;Biw. (B);StarCraft Evolution League #17;Solar;TOP;2;0;3;B;1
2025-12-06;Biw. (B);StarCraft Evolution League #17;Solar;honnack;2;0;3;B;1
2025-12-02;Week. (B);PiGosaur Cup #60;Solar;Bunny;1;2;3;B;0
2025-12-02;Week. (B);PiGosaur Cup #60;Solar;Bulmyeolja;2;0;3;B;1
2025-12-01;Week. (B);WardiTV Mondays #63;Solar;Clem;3;1;5;B;1
2025-12-01;Week. (B);WardiTV Mondays #63;Solar;Reynor;2;0;3;B;1
2025-12-01;Week. (B);WardiTV Mondays #63;Solar;herO;2;0;3;B;1
2025-12-01;Week. (B);WardiTV Mondays #63;Solar;ByuN;2;0;3;B;1
2025-11-30;B-Tier;WardiTV Korean Royale S4 - Playoffs;Solar;herO;1;4;5;B;0
2025-11-29;B-Tier;WardiTV Korean Royale S4 - Playoffs;Solar;Classic;3;0;5;B;1
2025-11-26;Week. (B);OSC KotH Weekly #232;Solar;LetaleX;1;0;1;B;1
2025-11-26;Week. (B);OSC KotH Weekly #232;Solar;Moja;1;0;1;B;1
2025-11-26;Week. (B);OSC KotH Weekly #232;Solar;Nicoract;1;0;1;B;1
2025-11-26;Week. (B);OSC KotH Weekly #232;Solar;Gerald;1;0;1;B;1
2025-11-26;Week. (B);OSC KotH Weekly #232;Solar;Spirit;1;0;1;B;1
2025-11-26;Week. (B);OSC KotH Weekly #232;Solar;BabyMarine;1;0;1;B;1
2025-11-26;Week. (B);OSC KotH Weekly #232;Solar;Jumy;1;0;1;B;1
2025-11-25;Week. (B);PiGosaur Cup #59;Solar;Clem;0;3;5;B;0
2025-11-25;Week. (B);PiGosaur Cup #59;Solar;Cure;2;0;3;B;1
2025-11-25;Week. (B);PiGosaur Cup #59;Solar;Reaper;2;0;3;B;1
2025-11-24;Week. (B);Monday Night Weeklies #31;Solar;Clem;2;3;5;B;0
2025-11-24;Week. (B);Monday Night Weeklies #31;Solar;herO;1;0;1;B;1
2025-11-24;Week. (B);Monday Night Weeklies #31;Solar;MaxPax;1;0;1;B;1
2025-11-24;Week. (B);Monday Night Weeklies #31;Solar;Gerald;1;0;1;B;1
2025-11-24;Week. (B);Monday Night Weeklies #31;Solar;Clem;0;2;3;B;0
2025-11-24;Week. (B);Monday Night Weeklies #31;Solar;MaNa;2;1;3;B;1
2025-11-24;Week. (B);Monday Night Weeklies #31;Solar;sebesdes;2;0;3;B;1
2025-11-24;Week. (B);WardiTV Mondays #62;Solar;Lambo;1;2;3;B;0
2025-11-23;Qual. (A);WardiTV 2025 BQ;Solar;Nicoract;2;0;3;A;1
2025-11-23;Qual. (A);WardiTV 2025 BQ;Solar;Perceive;2;0;3;A;1
2025-11-22;B-Tier;WardiTV Korean Royale S4 - GS Group A;Solar;Cure;1;2;3;B;0
2025-11-22;B-Tier;WardiTV Korean Royale S4 - GS Group A;Solar;Zoun;2;1;3;B;1
2025-11-22;B-Tier;WardiTV Korean Royale S4 - GS Group A;Solar;Percival;2;1;3;B;1
2025-11-22;Biw. (B);StarCraft Evolution League #16;Solar;TaeJa;3;1;5;B;1
2025-11-22;Biw. (B);StarCraft Evolution League #16;Solar;Rumeith;3;0;5;B;1
2025-11-22;Biw. (B);StarCraft Evolution League #16;Solar;MilkiCow;2;1;3;B;1
2025-11-22;Biw. (B);StarCraft Evolution League #16;Solar;guilliman;2;1;3;B;1
2025-11-17;Week. (B);WardiTV Mondays #61;Solar;herO;3;0;5;B;1
2025-11-17;Week. (B);WardiTV Mondays #61;Solar;Creator;2;1;3;B;1
2025-11-17;Week. (B);WardiTV Mondays #61;Solar;goblin;2;0;3;B;1
2025-11-17;Week. (B);WardiTV Mondays #61;Solar;Ryung;2;0;3;B;1
2025-11-16;Week. (B);Sparkling Tuna Cup #113;Solar;Classic;3;0;5;B;1
2025-11-16;Week. (B);Sparkling Tuna Cup #113;Solar;NightMare;2;0;3;B;1
2025-11-16;Week. (B);Sparkling Tuna Cup #113;Solar;YoungYakov;2;0;3;B;1
2025-11-16;Week. (B);Sparkling Tuna Cup #113;Solar;BloodyMonstr;2;0;3;B;1
2025-11-13;Week. (B);PiGosaur Cup #57;Solar;Clem;1;3;5;B;0
2025-11-13;Week. (B);PiGosaur Cup #57;Solar;MaxPax;3;1;5;B;1
2025-11-13;A-Tier;RSL Revival: Season 3 - Group Stage;Solar;Zoun;1;2;3;A;0
2025-11-13;A-Tier;RSL Revival: Season 3 - Group Stage;Solar;MaxPax;1;2;3;A;0
2025-11-13;A-Tier;RSL Revival: Season 3 - Group Stage;Solar;Zoun;2;1;3;A;1
2025-11-13;Biw. (B);Tenacious Turtle Tussle #35;Solar;YoungYakov;2;0;3;B;1
2025-11-13;Week. (B);PiGosaur Cup #57;Solar;Shameless;2;0;3;B;1
2025-11-13;Week. (B);PiGosaur Cup #57;Solar;Bulmyeolja;2;0;3;B;1
2025-11-12;Biw. (B);Tenacious Turtle Tussle #35;Solar;Greenert;2;0;3;B;1
2025-11-12;B-Tier;Kung Fu Cup 2025 Monthly #3;Solar;herO;2;3;5;B;0
2025-11-12;B-Tier;Kung Fu Cup 2025 Monthly #3;Solar;Classic;1;2;3;B;0
2025-11-11;B-Tier;Masters Cup 150 - Group A;Solar;EnDerr;2;0;3;B;1
2025-11-11;B-Tier;Masters Cup 150 - Group A;Solar;Demi;2;0;3;B;1
2025-11-11;B-Tier;Masters Cup 150 - Group A;Solar;LetaleX;2;0;3;B;1
2025-11-11;B-Tier;Masters Cup 150 - Group A;Solar;BabyMarine;1;1;3;B;0
2025-11-10;Week. (B);WardiTV Mondays #59;Solar;MaxPax;3;2;5;B;1
2025-11-10;Week. (B);WardiTV Mondays #59;Solar;herO;2;0;3;B;1
2025-11-10;Week. (B);WardiTV Mondays #59;Solar;Elazer;2;0;3;B;1
2025-11-10;Week. (B);WardiTV Mondays #60;Solar;Percival;0;2;3;B;0
2025-11-10;Week. (B);WardiTV Mondays #59;Solar;Nicoract;2;0;3;B;1
2025-11-10;Week. (B);WardiTV Mondays #60;Solar;BabyMarine;2;0;3;B;1
2025-11-09;B-Tier;WardiTV Korean Royale S4 - GS Group A;Solar;NightMare;2;1;3;B;1
2025-11-09;B-Tier;WardiTV Korean Royale S4 - GS Group A;Solar;Reynor;2;0;3;B;1
2025-11-09;B-Tier;WardiTV Korean Royale S4 - GS Group A;Solar;Ryung;2;0;3;B;1
2025-11-09;Week. (B);Sparkling Tuna Cup #112;Solar;Krystianer;1;2;3;B;0
2025-11-09;Week. (B);Sparkling Tuna Cup #112;Solar;LetaleX;2;0;3;B;1
2025-11-07;Week. (B);OSC KotH Weekly #230;Solar;Shameless;0;1;1;B;0
2025-11-07;Week. (B);OSC KotH Weekly #230;Solar;Percival;1;0;1;B;1
2025-11-07;Week. (B);OSC KotH Weekly #230;Solar;ART;1;0;1;B;1
2025-11-07;Week. (B);OSC KotH Weekly #230;Solar;YoungYakov;1;0;1;B;1
2025-11-07;Week. (B);OSC KotH Weekly #230;Solar;LetaleX;1;0;1;B;1
2025-11-07;Week. (B);OSC KotH Weekly #230;Solar;Nicoract;1;0;1;B;1
2025-11-07;Week. (B);OSC KotH Weekly #230;Solar;Demi;1;0;1;B;1
2025-11-07;Week. (B);OSC KotH Weekly #230;Solar;uThermal;1;0;1;B;1
2025-11-05;Qual. (B);WardiTV Korean Royale Season 4 Q2;Solar;Ryung;2;0;3;B;1
2025-11-05;Qual. (B);WardiTV Korean Royale Season 4 Q2;Solar;Percival;2;0;3;B;1
2025-11-05;Week. (B);PiGosaur Cup #56;Solar;MaxPax;2;3;5;B;0
2025-11-05;Qual. (B);WardiTV Korean Royale Season 4 Q2;Solar;Rex;2;1;3;B;1
2025-11-04;Qual. (B);WardiTV Korean Royale Season 4 Q1;Solar;herO;0;2;3;B;0
2025-11-04;Qual. (B);WardiTV Korean Royale Season 4 Q1;Solar;Rogue;2;0;3;B;1
2025-11-04;Week. (B);PiGosaur Cup #56;Solar;YoungYakov;2;0;3;B;1
2025-11-04;Week. (B);PiGosaur Cup #56;Solar;RaGnaR;2;0;3;B;1
2025-11-04;Qual. (B);WardiTV Korean Royale Season 4 Q1;Solar;MilkiCow;2;0;3;B;1
2025-11-03;Week. (B);Monday Night Weeklies #29;Solar;herO;1;0;1;B;1
2025-11-03;Week. (B);Monday Night Weeklies #29;Solar;herO;2;3;5;B;0
2025-11-03;Week. (B);Monday Night Weeklies #29;Solar;Shameless;2;0;3;B;1
2025-11-03;Week. (B);Monday Night Weeklies #29;Solar;Clem;2;1;3;B;1
2025-11-03;Week. (B);Monday Night Weeklies #29;Solar;ByuN;2;1;3;B;1
2025-11-03;Week. (B);Monday Night Weeklies #29;Solar;BabyMarine;2;0;3;B;1
2025-10-31;B-Tier;WardiTV October 2025 - Playoffs;Solar;Gerald;3;0;5;B;1
2025-10-31;B-Tier;WardiTV October 2025 - Playoffs;Solar;ByuN;3;1;5;B;1
2025-10-31;B-Tier;WardiTV October 2025 - Playoffs;Solar;herO;2;1;3;B;1
2025-10-27;Week. (B);Monday Night Weeklies #28;Solar;herO;0;1;1;B;0
2025-10-27;Week. (B);Monday Night Weeklies #28;Solar;Clem;1;2;3;B;0
2025-10-27;Week. (B);Monday Night Weeklies #28;Solar;HeRoMaRinE;2;0;3;B;1
2025-10-27;Week. (B);WardiTV Mondays #57;Solar;herO;1;2;3;B;0
2025-10-27;Week. (B);WardiTV Mondays #57;Solar;Gaettwo;2;0;3;B;1
2025-10-27;Week. (B);Monday Night Weeklies #28;Solar;Fjant;2;0;3;B;1
2025-10-26;B-Tier;WardiTV October 2025 - Group Stage;Solar;YoungYakov;2;0;3;B;1
2025-10-26;B-Tier;WardiTV October 2025 - Group Stage;Solar;MaNa;0;2;3;B;0
2025-10-26;B-Tier;WardiTV October 2025 - Group Stage;Solar;Shameless;2;0;3;B;1
2025-10-25;Qual. (A);RSL Revival: Season 3 Korea Qualifier;Solar;Ryung;3;2;5;A;1
2025-10-25;Qual. (A);RSL Revival: Season 3 Korea Qualifier;Solar;Rex;2;1;3;A;1
2025-10-23;Week. (B);OSC KotH Weekly #228;Solar;Lambo;1;0;1;B;1
2025-10-23;Week. (B);OSC KotH Weekly #228;Solar;Krystianer;1;0;1;B;1
2025-10-23;Week. (B);OSC KotH Weekly #228;Solar;ART;1;0;1;B;1
2025-10-23;Week. (B);OSC KotH Weekly #228;Solar;Creator;1;0;1;B;1
2025-10-23;Week. (B);OSC KotH Weekly #228;Solar;Nicoract;1;0;1;B;1
2025-10-23;Week. (B);OSC KotH Weekly #228;Solar;Demi;1;0;1;B;1
2025-10-23;Week. (B);OSC KotH Weekly #228;Solar;Jumy;1;0;1;B;1
2025-10-23;Week. (B);OSC KotH Weekly #228;Solar;ReBellioN;1;0;1;B;1
2025-10-23;Week. (B);OSC KotH Weekly #228;Solar;Percival;1;0;1;B;1
2025-10-22;B-Tier;OSC 2025 MSP #2;Solar;Cure;3;0;5;B;1
2025-10-22;Week. (B);PiGosaur Cup #54;Solar;Clem;1;3;5;B;0
2025-10-21;Qual. (B);WardiTV October 2025 Q2;Solar;ByuN;2;0;3;B;1
2025-10-21;Qual. (B);WardiTV October 2025 Q2;Solar;Ryung;2;0;3;B;1
2025-10-21;Qual. (B);WardiTV October 2025 Q1;Solar;herO;2;0;3;B;1
2025-10-21;Qual. (B);WardiTV October 2025 Q1;Solar;ByuN;2;0;3;B;1
2025-10-21;Qual. (B);WardiTV October 2025 Q1;Solar;Shameless;2;0;3;B;1
2025-10-21;Week. (B);PiGosaur Cup #54;Solar;ByuN;2;0;3;B;1
2025-10-21;Qual. (B);WardiTV October 2025 Q2;Solar;Gerald;2;0;3;B;1
2025-10-21;Qual. (B);WardiTV October 2025 Q1;Solar;MilkiCow;2;0;3;B;1
2025-10-21;Week. (B);PiGosaur Cup #54;Solar;Replicant;2;0;3;B;1
2025-10-21;Qual. (B);WardiTV October 2025 Q2;Solar;ReBellioN;2;0;3;B;1
2025-10-20;Week. (B);Monday Night Weeklies #27;Solar;Cure;0;1;1;B;0
2025-10-20;Week. (B);Monday Night Weeklies #27;Solar;Gerald;1;0;1;B;1
2025-10-20;Week. (B);Monday Night Weeklies #27;Solar;Fjant;1;0;1;B;1
2025-10-20;Week. (B);Monday Night Weeklies #27;Solar;MaxPax;1;2;3;B;0
2025-10-20;Week. (B);Monday Night Weeklies #27;Solar;Mixu;2;0;3;B;1
2025-10-19;Week. (B);Sparkling Tuna Cup #110;Solar;ByuN;2;1;3;B;1
2025-10-19;Week. (B);Sparkling Tuna Cup #110;Solar;Krystianer;2;0;3;B;1
2025-10-19;Week. (B);Sparkling Tuna Cup #110;Solar;triple;2;0;3;B;1
2025-10-18;B-Tier;prome's Evo #2;Solar;Classic;4;2;5;B;1
2025-10-18;B-Tier;prome's Evo #2;Solar;Ryung;3;1;5;B;1
2025-10-16;Week. (B);OSC KotH Weekly #227;Solar;sebesdes;0;1;1;B;0
2025-10-16;Week. (B);OSC KotH Weekly #227;Solar;Nicoract;1;0;1;B;1
2025-10-15;Week. (B);PiGosaur Cup #53;Solar;Clem;1;3;5;B;0
2025-10-15;Week. (B);PiGosaur Cup #53;Solar;ByuN;3;2;5;B;1
2025-10-14;B-Tier;OSC 2025 MSP #2;Solar;Krystianer;2;0;3;B;1
2025-10-14;Week. (B);PiGosaur Cup #53;Solar;Percival;2;0;3;B;1
2025-10-14;Week. (B);PiGosaur Cup #53;Solar;NeosShagGy;2;0;3;B;1
2025-10-13;Week. (B);Monday Night Weeklies #26;Solar;herO;0;1;1;B;0
2025-10-13;Week. (B);Monday Night Weeklies #26;Solar;Clem;0;2;3;B;0
2025-10-13;Week. (B);Monday Night Weeklies #26;Solar;ByuN;2;1;3;B;1
2025-10-13;Week. (B);Monday Night Weeklies #26;Solar;uThermal;2;0;3;B;1
2025-09-29;Week. (B);WardiTV Mondays #53;Solar;MaxPax;0;2;3;B;0
2025-09-29;Week. (B);WardiTV Mondays #53;Solar;SKillous;2;0;3;B;1
2025-09-29;Week. (B);WardiTV Mondays #53;Solar;Gerald;2;0;3;B;1
2025-09-26;B-Tier;prome's Evo #1;Solar;Classic;2;4;5;B;0
2025-09-24;Week. (B);PiGosaur Cup #50;Solar;MaxPax;3;0;5;B;1
2025-09-24;Week. (B);PiGosaur Cup #50;Solar;ByuN;3;2;5;B;1
2025-09-23;Week. (B);PiGosaur Cup #50;Solar;Nicoract;2;0;3;B;1
2025-09-20;Biw. (B);StarCraft Evolution League 1.17 PTR Open #1;Solar;TaeJa;2;1;3;B;1
2025-09-20;Biw. (B);StarCraft Evolution League 1.17 PTR Open #1;Solar;ByuN;2;1;3;B;1
2025-09-20;Biw. (B);StarCraft Evolution League 1.17 PTR Open #1;Solar;TaeJa;2;1;3;B;1
2025-09-20;Biw. (B);StarCraft Evolution League 1.17 PTR Open #1;Solar;prome;2;0;3;B;1
2025-09-17;B-Tier;OSC 2025 MSP #2;Solar;goblin;2;1;3;B;1
2025-09-17;B-Tier;LiuLi Cup Weekly #6;Solar;herO;1;3;5;B;0
2025-09-17;B-Tier;LiuLi Cup Weekly #6;Solar;MaxPax;2;1;3;B;1
2025-09-17;Week. (B);PiGosaur Cup #49;Solar;ByuN;1;3;5;B;0
2025-09-17;B-Tier;LiuLi Cup Weekly #6;Solar;ByuN;2;0;3;B;1
2025-09-17;B-Tier;LiuLi Cup Weekly #6;Solar;Chance;2;0;3;B;1
2025-09-16;Week. (B);Sparkling Tuna Cup #106;Solar;Creator;2;0;3;B;1
2025-09-16;Week. (B);Sparkling Tuna Cup #106;Solar;Nicoract;2;0;3;B;1
2025-09-16;Week. (B);Sparkling Tuna Cup #106;Solar;acheron;2;0;3;B;1
2025-09-16;Week. (B);PiGosaur Cup #49;Solar;Percival;2;0;3;B;1
2025-09-16;Week. (B);Sparkling Tuna Cup #106;Solar;Davelitoss;2;0;3;B;1
2025-09-15;Week. (B);WardiTV Mondays #51;Solar;Cure;1;2;3;B;0
2025-09-15;Week. (B);WardiTV Mondays #51;Solar;Harstem;2;0;3;B;1
2025-09-15;Week. (B);WardiTV Mondays #51;Solar;LetaleX;2;0;3;B;1
2025-09-14;A-Tier;Chzzk MurlocKing SC1 vs SC2 Cup #2;Solar;Lambo;1;3;5;A;0
2025-09-14;A-Tier;Chzzk MurlocKing SC1 vs SC2 Cup #2;Solar;herO;3;0;5;A;1
2025-09-06;A-Tier;Maestros of the Game - Group C;Solar;Bunny;1;3;5;A;0
2025-09-06;A-Tier;Maestros of the Game - Group C;Solar;Rogue;3;1;5;A;1
2025-09-06;A-Tier;Maestros of the Game - Group C;Solar;Bunny;0;2;3;A;0
2025-09-06;A-Tier;Chzzk MurlocKing SC1 vs SC2 Cup #2;Solar;Cure;0;3;5;A;0
2025-09-06;A-Tier;Chzzk MurlocKing SC1 vs SC2 Cup #2;Solar;MaxPax;2;0;3;A;1
2021-01-01;Week. (B);ITaX Trovo Series #6;Solar;INnoVation;0;3;5;B;0
2020-12-31;Mon. (B);ITaX Trovo Rumble #2 - Playoffs;Solar;Dream;0;3;5;B;0
2020-12-30;Week. (B);ITaX Trovo Weekly #16;Solar;Cure;2;4;5;B;0
2020-12-30;Week. (B);ITaX Trovo Weekly #16;Solar;TY;3;1;5;B;1
2020-12-30;Mon. (B);ITaX Trovo Rumble #2 - Group B;Solar;Creator;2;0;3;B;1
2020-12-30;Mon. (B);ITaX Trovo Rumble #2 - Group B;Solar;ByuN;0;2;3;B;0
2020-12-30;Mon. (B);ITaX Trovo Rumble #2 - Group B;Solar;Creator;2;1;3;B;1
2020-12-29;B-Tier;OSC 2020 Super Series, Mid Season Playoffs #3;Solar;MaNa;2;3;5;B;0
2020-12-28;Week. (B);ESL Open Cup #51 Korea;Solar;Trap;1;3;5;B;0
2020-12-28;Week. (B);ESL Open Cup #51 Korea;Solar;Zest;3;2;5;B;1
2020-12-28;Week. (B);ESL Open Cup #51 Korea;Solar;Cure;2;0;3;B;1
2020-12-28;Week. (B);ESL Open Cup #51 Korea;Solar;Dream;2;1;3;B;1
2020-12-28;Week. (B);ESL Open Cup #51 Korea;Solar;Ryung;2;0;3;B;1
2020-12-27;B-Tier;OSC 2020 Super Series, Mid Season Playoffs #3;Solar;MaxPax;3;0;5;B;1
2020-12-23;Week. (B);ITaX Trovo Weekly #15;Solar;Bunny;1;3;5;B;0
2020-12-22;Showm. (B);Alpha Pro Series: 2020 Show Matches - Premier;Solar;Dream;1;5;7;B;0
2020-12-22;Week. (B);ESL Open Cup #50 Americas;Solar;Zest;2;3;5;B;0
2020-12-21;Week. (B);ITaX Trovo Series #4;Solar;INnoVation;5;6;7;B;0
2020-12-21;Week. (B);ESL Open Cup #50 Americas;Solar;Armani;2;0;3;B;1
2020-12-21;Week. (B);ESL Open Cup #50 Americas;Solar;Vindicta;2;1;3;B;1
2020-12-21;Week. (B);ESL Open Cup #50 Americas;Solar;StephenCurry;2;0;3;B;1
2020-12-19;S-Tier;TSL 6;Solar;Maru;1;3;5;S;0
2020-12-17;Week. (B);Kung Fu Cup 2020 Weekly #30;Solar;Zest;1;3;5;B;0
2020-12-17;Week. (B);Kung Fu Cup 2020 Weekly #30;Solar;Armani;2;1;3;B;1
2020-12-17;Week. (B);Kung Fu Cup 2020 Weekly #30;Solar;SpeCial;2;0;3;B;1
2020-12-17;Week. (B);Kung Fu Cup 2020 Weekly #30;Solar;MacSed;2;0;3;B;1
2020-12-17;Week. (B);Kung Fu Cup 2020 Weekly #30;Solar;Rogue;2;1;3;B;1
2020-12-15;B-Tier;OSC 2020 Super Series, Mid Season Playoffs #3;Solar;Bly;2;1;3;B;1
2020-12-15;B-Tier;OSC 2020 Super Series, Mid Season Playoffs #3;Solar;Spatz;2;0;3;B;1
2020-12-14;Week. (B);ESL Open Cup #49 Korea;Solar;Stats;3;0;5;B;1
2020-12-14;Week. (B);ESL Open Cup #49 Korea;Solar;Zest;3;2;5;B;1
2020-12-14;Week. (B);ESL Open Cup #49 Korea;Solar;Creator;2;0;3;B;1
2020-12-14;Week. (B);ESL Open Cup #49 Korea;Solar;DongRaeGu;2;0;3;B;1
2020-12-14;Week. (B);ESL Open Cup #49 Korea;Solar;maelstrom;2;0;3;B;1
2020-12-14;Week. (B);ESL Open Cup #49 Americas;Solar;Gerald;1;2;3;B;0
2020-12-14;Week. (B);ESL Open Cup #49 Americas;Solar;Mixu;2;0;3;B;1
2020-12-14;Week. (B);ESL Open Cup #49 Americas;Solar;Whiteidra;2;0;3;B;1
2020-12-13;S-Tier;TSL 6;Solar;Cure;3;1;5;S;1
2020-12-12;S-Tier;TSL 6;Solar;Rogue;1;3;5;S;0
2020-12-12;B-Tier;Afreeca World 68;Solar;Zest;2;4;5;B;0
2020-12-12;B-Tier;Afreeca World 68;Solar;Zoun;3;2;5;B;1
2020-12-11;Week. (B);OSC King of the Hill Weekly #52;Solar;Clem;0;1;1;B;0
2020-12-11;Week. (B);OSC King of the Hill Weekly #52;Solar;Krystianer;1;0;1;B;1
2020-12-11;Week. (B);OSC King of the Hill Weekly #52;Solar;Kelazhur;1;0;1;B;1
2020-12-11;Week. (B);OSC King of the Hill Weekly #52;Solar;Namshar;1;0;1;B;1
2020-12-11;B-Tier;OSC 2020 Super Series, Mid Season Playoffs #2;Solar;SpeCial;4;1;5;B;1
2020-12-11;B-Tier;OSC 2020 Super Series, Mid Season Playoffs #2;Solar;MaxPax;3;1;5;B;1
2020-12-10;Qual. (S);DH Masters: Last Chance 2021 Asia - Bracket;Solar;Nice;3;1;5;S;1
2020-12-10;Qual. (S);DH Masters: Last Chance 2021 Asia - Bracket;Solar;Zest;2;1;3;S;1
2020-12-10;Qual. (S);DH Masters: Last Chance 2021 Asia - Bracket;Solar;Creator;2;0;3;S;1
2020-12-09;Week. (B);ITaX Trovo Weekly #13;Solar;Zest;1;3;5;B;0
2020-12-07;Week. (B);ESL Open Cup #48 Korea;Solar;Stats;0;2;3;B;0
2020-12-07;Week. (B);ESL Open Cup #48 Americas;Solar;ByuN;1;2;3;B;0
2020-12-07;Week. (B);ESL Open Cup #48 Korea;Solar;Percival;2;1;3;B;1
2020-12-07;Week. (B);ESL Open Cup #48 Americas;Solar;Vindicta;2;0;3;B;1
2020-12-07;Week. (B);ESL Open Cup #48 Korea;Solar;fork;2;0;3;B;1
2020-12-07;Week. (B);ESL Open Cup #48 Americas;Solar;SabeRLighT;2;0;3;B;1
2020-12-06;S-Tier;TSL 6;Solar;DongRaeGu;3;1;5;S;1
2020-12-06;Week. (B);OSC King of the Hill Weekly #51;Solar;starkiller;1;0;1;B;1
2020-12-06;Week. (B);OSC King of the Hill Weekly #51;Solar;Bee;1;0;1;B;1
2020-12-06;Week. (B);OSC King of the Hill Weekly #51;Solar;kiyj;1;0;1;B;1
2020-12-06;Week. (B);OSC King of the Hill Weekly #51;Solar;Ziomek;1;0;1;B;1
2020-12-06;Week. (B);OSC King of the Hill Weekly #51;Solar;Snoxtar;1;0;1;B;1
2020-12-06;Week. (B);OSC King of the Hill Weekly #51;Solar;Ryan;1;0;1;B;1
2020-12-06;Week. (B);OSC King of the Hill Weekly #51;Solar;Marsman;1;0;1;B;1
2020-12-06;Week. (B);OSC King of the Hill Weekly #51;Solar;Creator;1;0;1;B;1
2020-12-06;Week. (B);OSC King of the Hill Weekly #51;Solar;Vanya;1;0;1;B;1
2020-12-06;Week. (B);OSC King of the Hill Weekly #51;Solar;Bly;1;0;1;B;1
2020-12-06;Week. (B);OSC King of the Hill Weekly #51;Solar;Gerald;1;0;1;B;1
2020-12-06;Week. (B);OSC King of the Hill Weekly #51;Solar;ShoWTimE;1;0;1;B;1
2020-12-05;Showm. (B);ITaX Super Series #40;Solar;TIME;1;3;5;B;0
2020-12-04;A-Tier;NeXT 2020 Winter - Group D;Solar;Dark;1;2;3;A;0
2020-12-04;A-Tier;NeXT 2020 Winter - Group D;Solar;sOs;2;1;3;A;1
2020-12-04;A-Tier;NeXT 2020 Winter - Group D;Solar;PartinG;1;2;3;A;0
2020-12-03;Week. (B);Kung Fu Cup 2020 Weekly #29;Solar;Creator;0;2;3;B;0
2020-12-03;Week. (B);Kung Fu Cup 2020 Weekly #29;Solar;PartinG;2;1;3;B;1
2020-12-03;Week. (B);Kung Fu Cup 2020 Weekly #29;Solar;hyperion;2;0;3;B;1
2020-12-03;Qual. (S);TeamLiquid StarLeague 6: Korea Server Qualifiers - Bracket;Solar;Dark;2;1;3;S;1
2020-12-03;Qual. (S);TeamLiquid StarLeague 6: Korea Server Qualifiers - Bracket;Solar;TIME;2;0;3;S;1
2020-12-02;S-Tier;2020 GSL ST 2;Solar;Trap;2;3;5;S;0
2020-12-01;Qual. (S);TeamLiquid StarLeague 6: Korea Server Qualifiers - Bracket;Solar;RagnaroK;1;2;3;S;0
2020-11-30;Week. (B);ESL Open Cup #47 Korea;Solar;Rogue;1;3;5;B;0
2020-11-30;Week. (B);ESL Open Cup #47 Korea;Solar;SpeCial;2;1;3;B;1
2020-11-30;Week. (B);ESL Open Cup #47 Korea;Solar;NightMare;2;0;3;B;1
2020-11-29;A-Tier;ASUS ROG Online 2020 - Playoffs;Solar;ByuN;0;3;5;A;0
2020-11-29;A-Tier;ASUS ROG Online 2020 - Playoffs;Solar;PartinG;3;0;5;A;1
2020-11-28;B-Tier;Taco Cup 6;Solar;Clem;1;3;5;B;0
2020-11-28;B-Tier;Taco Cup 6;Solar;Bly;3;0;5;B;1
2020-11-28;B-Tier;Taco Cup 6;Solar;Cham;2;0;3;B;1
2020-11-28;A-Tier;ASUS ROG Online 2020 - Group C;Solar;Maru;3;1;5;A;1
2020-11-28;A-Tier;ASUS ROG Online 2020 - Group C;Solar;Clem;3;0;5;A;1
2020-11-27;B-Tier;Taco Cup 6;Solar;Erik;2;0;3;B;1
2020-11-26;Week. (B);Kung Fu Cup 2020 Weekly #28;Solar;DongRaeGu;0;2;3;B;0
2020-11-24;Mon. (B);OlimoLeague Monthly Finals: November 2020;Solar;Stats;0;2;3;B;0
2020-11-23;Week. (B);ESL Open Cup #46 Americas;Solar;MaNa;0;2;3;B;0
2020-11-23;Week. (B);ESL Open Cup #46 Americas;Solar;Namshar;2;1;3;B;1
2020-11-23;Week. (B);ESL Open Cup #46 Americas;Solar;NeosHagGy;2;0;3;B;1
2020-11-23;Week. (B);ESL Open Cup #46 Korea;Solar;Dark;1;2;3;B;0
2020-11-23;Week. (B);ESL Open Cup #46 Korea;Solar;Rex;2;1;3;B;1
2020-11-22;Qual. (S);2020 AfreecaTV GSL Super Tournament 2: Qualifier;Solar;Patience;2;0;3;S;1
2020-11-22;Qual. (S);2020 AfreecaTV GSL Super Tournament 2: Qualifier;Solar;Trap;0;2;3;S;0
2020-11-22;Qual. (S);2020 AfreecaTV GSL Super Tournament 2: Qualifier;Solar;gyulzzing;2;0;3;S;1
2020-11-22;Qual. (S);2020 AfreecaTV GSL Super Tournament 2: Qualifier;Solar;Gemini;2;0;3;S;1
2020-11-21;Qual. (A);ASUS ROG Online 2020: Korea Server Qualifier;Solar;Zest;2;0;3;A;1
2020-11-21;Qual. (A);ASUS ROG Online 2020: Korea Server Qualifier;Solar;TIME;2;0;3;A;1
2020-11-21;Qual. (A);ASUS ROG Online 2020: Korea Server Qualifier;Solar;Dark;2;1;3;A;1
2020-11-21;Qual. (A);ASUS ROG Online 2020: Korea Server Qualifier;Solar;RagnaroK;2;1;3;A;1
2020-11-20;Showm. (B);ITaX Super Series #37;Solar;Zest;4;1;5;B;1
2020-11-20;Showm. (B);ITaX Super Series #37;Solar;SpeCial;3;0;5;B;1
2020-11-20;Qual. (A);ASUS ROG Online 2020: Europe Server Qualifier;Solar;Denver;0;2;3;A;0
2020-11-19;B-Tier;OSC 2020 Super Series, Mid Season Playoffs #2;Solar;SpeCial;1;3;5;B;0
2020-11-19;Week. (B);Kung Fu Cup 2020 Weekly #27;Solar;ByuN;0;2;3;B;0
2020-11-19;Week. (B);Kung Fu Cup 2020 Weekly #27;Solar;Rogue;2;0;3;B;1
2020-11-19;Week. (B);Kung Fu Cup 2020 Weekly #27;Solar;MacSed;2;0;3;B;1
2020-11-19;Week. (B);Kung Fu Cup 2020 Weekly #27;Solar;BYE;1;0;1;B;1
2020-11-17;Week. (B);OlimoLeague Week #210;Solar;ByuN;0;2;3;B;0
2020-11-17;Week. (B);ESL Open Cup #45 Americas;Solar;Armani;3;2;5;B;1
2020-11-17;Week. (B);ESL Open Cup #45 Americas;Solar;MaxPax;3;1;5;B;1
2020-11-17;Week. (B);OlimoLeague Week #210;Solar;Bubble;2;0;3;B;1
2020-11-17;Week. (B);OlimoLeague Week #210;Solar;HonMonO;2;0;3;B;1
2020-11-16;Week. (B);ESL Open Cup #45 Korea;Solar;ByuN;1;2;3;B;0
2020-11-16;Week. (B);ESL Open Cup #45 Korea;Solar;mztkb;2;0;3;B;1
2020-11-16;Week. (B);ESL Open Cup #45 Americas;Solar;Dolan;2;0;3;B;1
2020-11-16;Week. (B);ESL Open Cup #45 Americas;Solar;gyulzzing;2;0;3;B;1
2020-11-16;Week. (B);ESL Open Cup #45 Americas;Solar;Shoes;2;0;3;B;1
2020-11-11;B-Tier;OSC 2020 Super Series, Mid Season Playoffs #2;Solar;Creator;3;1;5;B;1
2020-11-10;B-Tier;WardiTV Invitational 11 - Group A;Solar;Zoun;1;2;3;B;0
2020-11-10;B-Tier;WardiTV Invitational 11 - Group A;Solar;Rogue;0;2;3;B;0
2020-11-10;B-Tier;WardiTV Invitational 11 - Group A;Solar;Zoun;2;1;3;B;1
2020-11-10;Week. (B);ESL Open Cup #44 Americas;Solar;Dream;3;0;5;B;1
2020-11-10;Week. (B);ESL Open Cup #44 Americas;Solar;Bly;3;0;5;B;1
2020-11-09;Week. (B);ESL Open Cup #44 Korea;Solar;Dream;1;2;3;B;0
2020-11-09;Week. (B);ESL Open Cup #44 Korea;Solar;Rex;2;0;3;B;1
2020-11-09;Week. (B);ESL Open Cup #44 Korea;Solar;BYE;1;0;1;B;1
2020-11-09;Week. (B);ESL Open Cup #44 Americas;Solar;Nina;2;0;3;B;1
2020-11-09;Week. (B);ESL Open Cup #44 Americas;Solar;Dolan;2;0;3;B;1
2020-11-09;Week. (B);ESL Open Cup #44 Americas;Solar;perhark;2;0;3;B;1
2020-11-08;B-Tier;IntoTheAlphaX Pro Circuit 4 - Group C;Solar;RagnaroK;1;2;3;B;0
2020-11-08;B-Tier;IntoTheAlphaX Pro Circuit 4 - Group C;Solar;INnoVation;2;0;3;B;1
2020-11-08;B-Tier;IntoTheAlphaX Pro Circuit 4 - Group C;Solar;Trap;1;2;3;B;0
2020-11-07;Week. (B);ITaX Trovo Weekly #9;Solar;Cure;4;3;5;B;1
2020-11-07;Week. (B);ITaX Trovo Weekly #9;Solar;ByuN;0;3;5;B;0
2020-11-05;Week. (B);Kung Fu Cup 2020 Weekly #26;Solar;DongRaeGu;1;2;3;B;0
2020-11-05;B-Tier;OSC 2020 Super Series, Mid Season Playoffs #2;Solar;Kelazhur;2;1;3;B;1
2020-11-05;Week. (B);Kung Fu Cup 2020 Weekly #26;Solar;Dream;2;0;3;B;1
2020-11-05;Week. (B);Kung Fu Cup 2020 Weekly #26;Solar;hyperion;2;1;3;B;1
2020-11-03;Week. (B);Alpha X Series Special #15;Solar;Zest;0;3;5;B;0
2020-11-03;Week. (B);ESL Open Cup #43 Americas;Solar;SKillous;3;1;5;B;1
2020-11-03;Week. (B);ESL Open Cup #43 Americas;Solar;Cham;3;1;5;B;1
2020-11-02;Week. (B);ESL Open Cup #43 Korea;Solar;Stats;0;3;5;B;0
2020-11-02;Week. (B);ESL Open Cup #43 Korea;Solar;Rex;2;0;3;B;1
2020-11-02;Week. (B);ESL Open Cup #43 Korea;Solar;Percival;2;0;3;B;1
2020-11-02;Week. (B);ESL Open Cup #43 Americas;Solar;Armani;2;1;3;B;1
2020-11-02;Week. (B);ESL Open Cup #43 Americas;Solar;Jason;2;0;3;B;1
2020-11-02;Week. (B);ESL Open Cup #43 Americas;Solar;Ruiyichi;2;0;3;B;1
2020-11-01;B-Tier;OSC 2020 Super Series, Mid Season Playoffs #2;Solar;BluE;2;0;3;B;1
2020-11-01;B-Tier;The Falling Leaves Invitational - Playoffs;Solar;Trap;1;4;5;B;0
2020-11-01;B-Tier;The Falling Leaves Invitational - Playoffs;Solar;Rogue;3;0;5;B;1
2020-11-01;B-Tier;ITaX Super Series #33;Solar;Bunny;1;4;5;B;0
2020-10-31;B-Tier;ITaX Super Series #33;Solar;ByuN;3;2;5;B;1
2020-10-31;B-Tier;The Falling Leaves Invitational - Playoffs;Solar;Patience;3;1;5;B;1
2020-10-27;Mon. (B);OlimoLeague Monthly Finals: October 2020;Solar;Creator;0;3;5;B;0
2020-10-27;Week. (B);ESL Open Cup #42 Americas;Solar;Armani;3;1;5;B;1
2020-10-27;Week. (B);ESL Open Cup #42 Americas;Solar;Gerald;3;0;5;B;1
2020-10-27;Mon. (B);OlimoLeague Monthly Finals: October 2020;Solar;RagnaroK;2;1;3;B;1
2020-10-26;Week. (B);ESL Open Cup #42 Europe;Solar;Reynor;1;3;5;B;0
2020-10-26;Week. (B);ESL Open Cup #42 Europe;Solar;Neeb;2;1;3;B;1
2020-10-26;Week. (B);ESL Open Cup #42 Europe;Solar;souL;2;0;3;B;1
2020-10-26;Week. (B);ESL Open Cup #42 Europe;Solar;Arrogfire;2;0;3;B;1
2020-10-26;Week. (B);ESL Open Cup #42 Korea;Solar;Dark;3;0;5;B;1
2020-10-26;Week. (B);ESL Open Cup #42 Korea;Solar;Trap;3;2;5;B;1
2020-10-26;Week. (B);ESL Open Cup #42 Korea;Solar;Zoun;2;1;3;B;1
2020-10-26;Week. (B);ESL Open Cup #42 Korea;Solar;Creator;2;0;3;B;1
2020-10-26;Week. (B);ESL Open Cup #42 Americas;Solar;Nina;2;0;3;B;1
2020-10-26;Week. (B);ESL Open Cup #42 Americas;Solar;Golden;2;0;3;B;1
2020-10-26;Week. (B);ESL Open Cup #42 Americas;Solar;MimeronVex;2;1;3;B;1
2020-10-24;Week. (B);OSC King of the Hill Weekly #45;Solar;MeomaikA;0;1;1;B;0
2020-10-24;Week. (B);OSC King of the Hill Weekly #45;Solar;souL;1;0;1;B;1
2020-10-23;B-Tier;The Falling Leaves Invitational - Group B;Solar;NightMare;2;0;3;B;1
2020-10-23;B-Tier;The Falling Leaves Invitational - Group B;Solar;NaTuRal;2;1;3;B;1
2020-10-23;B-Tier;The Falling Leaves Invitational - Group B;Solar;ByuN;0;2;3;B;0
2020-10-21;Week. (B);ITaX Trovo Weekly #7;Solar;ByuN;0;3;5;B;0
2020-10-19;Week. (B);ESL Open Cup #41 Korea;Solar;Dark;1;3;5;B;0
2020-10-19;Week. (B);ESL Open Cup #41 Korea;Solar;Bunny;3;2;5;B;1
2020-10-19;Week. (B);ESL Open Cup #41 Korea;Solar;DongRaeGu;2;1;3;B;1
2020-10-19;Week. (B);ESL Open Cup #41 Americas;Solar;PiLiPiLi;0;2;3;B;0
2020-10-19;Week. (B);ESL Open Cup #41 Americas;Solar;NightMare;2;0;3;B;1
2020-10-19;Week. (B);ESL Open Cup #41 Korea;Solar;Silky;2;0;3;B;1
2020-10-19;Week. (B);ESL Open Cup #41 Americas;Solar;MimeronVex;2;0;3;B;1
2020-10-18;Qual. (A);Cheeseadelphia Winter Championship 2021: Qualifier #1;Solar;Bly;3;1;5;A;1
2020-10-18;Qual. (A);Cheeseadelphia Winter Championship 2021: Qualifier #1;Solar;MaxPax;2;0;3;A;1
2020-10-18;Qual. (A);Cheeseadelphia Winter Championship 2021: Qualifier #1;Solar;MaNa;2;1;3;A;1
2020-10-18;Qual. (A);Cheeseadelphia Winter Championship 2021: Qualifier #1;Solar;Ziggy;2;1;3;A;1
2020-10-16;B-Tier;ITaX Super Series #28;Solar;RagnaroK;3;4;5;B;0
2020-10-16;B-Tier;ITaX Super Series #28;Solar;Creator;3;1;5;B;1
2020-10-13;Week. (B);OlimoLeague Week #206;Solar;Dark;1;2;3;B;0
2020-10-13;Showm. (B);Alpha X Series #25;Solar;Dream;5;3;7;B;1
2020-10-13;Week. (B);ESL Open Cup #40 Americas;Solar;MaxPax;3;1;5;B;1
2020-10-13;Week. (B);ESL Open Cup #40 Americas;Solar;Nice;3;0;5;B;1
2020-10-13;Week. (B);OlimoLeague Week #206;Solar;Firefly;2;0;3;B;1
2020-10-13;Week. (B);OlimoLeague Week #206;Solar;ByuN;2;1;3;B;1
2020-10-12;Week. (B);ESL Open Cup #40 Korea;Solar;Rogue;1;3;5;B;0
2020-10-12;Week. (B);ESL Open Cup #40 Korea;Solar;Nice;2;0;3;B;1
2020-10-12;Week. (B);ESL Open Cup #40 Korea;Solar;Silky;2;0;3;B;1
2020-10-12;Week. (B);ESL Open Cup #40 Korea;Solar;MISH;2;0;3;B;1
2020-10-12;Week. (B);ESL Open Cup #40 Americas;Solar;Nina;2;0;3;B;1
2020-10-12;Week. (B);ESL Open Cup #40 Americas;Solar;Nitix;2;0;3;B;1
2020-10-12;Week. (B);ESL Open Cup #40 Americas;Solar;Jenasin;2;0;3;B;1
2020-10-09;A-Tier;GTC 2020 Fall Allstars;Solar;Dream;2;4;5;A;0
2020-10-09;A-Tier;GTC 2020 Fall Allstars;Solar;Cure;3;2;5;A;1
2020-10-08;A-Tier;GTC 2020 Fall Allstars;Solar;MacSed;3;1;5;A;1
2020-10-08;Week. (B);ITaX Trovo Weekly #5;Solar;Dream;4;2;5;B;1
2020-10-07;Week. (B);ITaX Trovo Weekly #5;Solar;Hurricane;3;1;5;B;1
2020-10-06;Week. (B);OlimoLeague Week #205;Solar;Creator;0;2;3;B;0
2020-10-06;Week. (B);ESL Open Cup #39 Americas;Solar;MaxPax;3;0;5;B;1
2020-10-06;Week. (B);ESL Open Cup #39 Americas;Solar;Cham;3;0;5;B;1
2020-10-06;Week. (B);OlimoLeague Week #205;Solar;HHH;2;0;3;B;1
2020-10-06;Week. (B);OlimoLeague Week #205;Solar;BYE;1;0;1;B;1
2020-10-05;Week. (B);ESL Open Cup #39 Korea;Solar;Trap;3;1;5;B;1
2020-10-05;Week. (B);ESL Open Cup #39 Korea;Solar;SpeCial;3;1;5;B;1
2020-10-05;Week. (B);ESL Open Cup #39 Korea;Solar;Hurricane;2;0;3;B;1
2020-10-05;Week. (B);ESL Open Cup #39 Korea;Solar;Firefly;2;1;3;B;1
2020-10-05;Week. (B);ESL Open Cup #39 Americas;Solar;Armani;2;1;3;B;1
2020-10-05;Week. (B);ESL Open Cup #39 Americas;Solar;ShaDoWn;2;0;3;B;1
2020-10-05;Week. (B);ESL Open Cup #39 Americas;Solar;Rhizer;2;0;3;B;1
2020-10-03;Mon. (B);Masters Cup 144 - Playoffs;Solar;SKillous;2;3;5;B;0
2020-10-03;Mon. (B);Masters Cup 144 - Playoffs;Solar;starkiller;3;1;5;B;1
2020-09-29;Mon. (B);Masters Cup 144 - Playoffs;Solar;MaxPax;0;2;3;B;0
2020-09-29;B-Tier;ITaX Super Series #25;Solar;Creator;4;1;5;B;1
2020-09-29;B-Tier;ITaX Super Series #25;Solar;Dream;3;1;5;B;1
2020-09-28;Week. (B);ESL Open Cup #38 Americas;Solar;goblin;1;2;3;B;0
2020-09-28;Week. (B);ESL Open Cup #38 Americas;Solar;Creed;2;0;3;B;1
2020-09-28;Week. (B);ESL Open Cup #38 Americas;Solar;Nerazim;2;0;3;B;1
2020-09-27;Qual. (S);King of Battles: KB International Championship: Qualifiers - Bracket;Solar;Cure;0;2;3;S;0
2020-09-27;Qual. (S);King of Battles: KB International Championship: Qualifiers - Bracket;Solar;Trap;1;2;3;S;0
2020-09-27;Qual. (S);King of Battles: KB International Championship: Qualifiers - Bracket;Solar;ByuN;2;1;3;S;1
2020-09-27;Qual. (S);King of Battles: KB International Championship: Qualifiers - Bracket;Solar;Cure;2;1;3;S;1
2020-09-27;Qual. (S);King of Battles: KB International Championship: Qualifiers - Bracket;Solar;Bunny;2;1;3;S;1
2020-09-26;S-Tier;2020 GSL Season 3 - Group Stage #2 (Ro16);Solar;Cure;0;2;3;S;0
2020-09-26;S-Tier;2020 GSL Season 3 - Group Stage #2 (Ro16);Solar;Zest;1;2;3;S;0
2020-09-25;Qual. (S);King of Battles: KB International Championship: Qualifiers - Bracket;Solar;Dream;1;2;3;S;0
2020-09-22;Mon. (B);OlimoLeague Monthly Finals: September 2020;Solar;Stats;2;4;5;B;0
2020-09-22;Mon. (B);OlimoLeague Monthly Finals: September 2020;Solar;Firefly;3;0;5;B;1
2020-09-22;Mon. (B);OlimoLeague Monthly Finals: September 2020;Solar;BYE;1;0;1;B;1
2020-09-19;Week. (B);OSC King of the Hill Weekly #40;Solar;Bee;1;0;1;B;1
2020-09-19;Week. (B);OSC King of the Hill Weekly #40;Solar;Ryan;1;0;1;B;1
2020-09-19;Week. (B);OSC King of the Hill Weekly #40;Solar;Vanya;1;0;1;B;1
2100-01-01;B-Tier;OSC Championship Season 3 - Bracket;Solar;ByuN;3;1;5;B;1
2100-01-01;B-Tier;OSC Championship Season 3 - Bracket;Solar;ByuN;3;1;5;B;1
2100-01-01;B-Tier;OSC Championship Season 3 - Bracket;Solar;EnDerr;3;0;5;B;1
2100-01-01;B-Tier;OSC Championship Season 3 - Bracket;Solar;Snute;3;2;5;B;1
2100-01-01;B-Tier;OSC Championship Season 3 - Bracket;Solar;HuK;3;0;5;B;1
2026-01-13;Week. (B);PiGosaur Cup #64;MaxPax;Solar;2;3;5;B;0
2026-01-13;Week. (B);PiGosaur Cup #64;ByuN;Solar;1;3;5;B;0
2026-01-13;B-Tier;WardiTV Cup - Group B;Cure;Solar;2;1;3;B;1
2026-01-13;B-Tier;WardiTV Cup - Group B;herO;Solar;2;0;3;B;1
2026-01-13;B-Tier;WardiTV Cup - Group B;Gerald;Solar;1;2;3;B;0
2026-01-13;Week. (B);PiGosaur Cup #64;Mucous;Solar;0;2;3;B;0
2026-01-13;Week. (B);PiGosaur Cup #64;Defiance;Solar;0;2;3;B;0
2026-01-12;Week. (B);WardiTV Mondays #69;Clem;Solar;2;0;3;B;1
2026-01-12;Week. (B);WardiTV Mondays #69;Nicoract;Solar;0;2;3;B;0
2026-01-08;A-Tier;OSC Championship Season 13 - Championship Bracket;Classic;Solar;3;1;5;A;1
2026-01-06;Week. (B);PiGosaur Cup #63;Clem;Solar;3;1;5;B;1
2026-01-06;Week. (B);PiGosaur Cup #63;ByuN;Solar;1;2;3;B;0
2026-01-06;Week. (B);PiGosaur Cup #63;Hardwell;Solar;0;2;3;B;0
2026-01-05;Week. (B);WardiTV Mondays #68;Clem;Solar;2;1;3;B;1
2026-01-05;Week. (B);WardiTV Mondays #68;Ryung;Solar;0;2;3;B;0
2025-12-30;B-Tier;OSC 2025 MSP #2;MaxPax;Solar;4;3;5;B;1
2025-12-30;B-Tier;OSC 2025 MSP #2;MaxPax;Solar;1;3;5;B;0
2025-12-25;B-Tier;WardiTV Christmas Day Games 2025;herO;Solar;4;1;5;B;1
2025-12-25;B-Tier;WardiTV Christmas Day Games 2025;Classic;Solar;2;4;5;B;0
2025-12-25;B-Tier;WardiTV Christmas Day Games 2025;ByuN;Solar;2;3;5;B;0
2025-12-21;A-Tier;WardiTV 2025 - Championship Bracket;Reynor;Solar;3;2;5;A;1
2025-12-20;A-Tier;WardiTV 2025 - Championship Bracket;Classic;Solar;3;1;5;A;1
2025-12-20;A-Tier;WardiTV 2025 - Championship Bracket;herO;Solar;2;3;5;A;0
2025-12-18;A-Tier;WardiTV 2025 - Championship Bracket;Cure;Solar;0;3;5;A;0
2025-12-16;Week. (B);PiGosaur Cup #62;MaxPax;Solar;3;2;5;B;1
2025-12-16;Week. (B);PiGosaur Cup #62;YoungYakov;Solar;1;2;3;B;0
2025-12-16;Week. (B);PiGosaur Cup #62;Hupsaiya;Solar;0;2;3;B;0
2025-12-15;Week. (B);Monday Night Weeklies #34;Percival;Solar;1;0;1;B;1
2025-12-15;Week. (B);Monday Night Weeklies #34;MaxPax;Solar;2;0;3;B;1
2025-12-15;Week. (B);Monday Night Weeklies #34;MilkiCow;Solar;0;2;3;B;0
2025-12-15;Week. (B);Monday Night Weeklies #34;Fjant;Solar;0;2;3;B;0
2025-12-13;B-Tier;Masters Cup 150 - Playoffs;ByuN;Solar;3;0;5;B;1
2025-12-13;B-Tier;Masters Cup 150 - Playoffs;Creator;Solar;0;3;5;B;0
2025-12-13;B-Tier;Masters Cup 150 - Playoffs;Nicoract;Solar;0;3;5;B;0
2025-12-13;B-Tier;Masters Cup 150 - Playoffs;Percival;Solar;0;3;5;B;0
2025-12-13;A-Tier;RSL Offline Finals - Open Bracket Stage;Reynor;Solar;3;2;5;A;1
2025-12-13;A-Tier;RSL Offline Finals - Open Bracket Stage;Creator;Solar;1;3;5;A;0
2025-12-13;A-Tier;RSL Offline Finals - Open Bracket Stage;Rex;Solar;0;3;5;A;0
2025-12-12;A-Tier;WardiTV 2025 - Seeding matches;MaxPax;Solar;0;2;3;A;0
2025-12-12;A-Tier;WardiTV 2025 - Seeding matches;ByuN;Solar;2;1;3;A;1
2025-12-12;A-Tier;WardiTV 2025 - Seeding matches;Classic;Solar;2;0;3;A;1
2025-12-09;Week. (B);PiGosaur Cup #61;Cure;Solar;3;1;5;B;1
2025-12-09;Week. (B);PiGosaur Cup #61;Percival;Solar;1;3;5;B;0
2025-12-09;Week. (B);PiGosaur Cup #61;cellsidus;Solar;0;2;3;B;0
2025-12-09;Week. (B);PiGosaur Cup #61;Perceive;Solar;0;2;3;B;0
2025-12-08;Week. (B);WardiTV Mondays #64;MaxPax;Solar;2;0;3;B;1
2025-12-08;Week. (B);WardiTV Mondays #64;ShoWTimE;Solar;1;2;3;B;0
2025-12-08;Week. (B);WardiTV Mondays #64;MaNa;Solar;0;2;3;B;0
2025-12-07;Week. (B);OSC KotH Weekly #233;YoungYakov;Solar;1;0;1;B;1
2025-12-07;Week. (B);OSC KotH Weekly #233;ArT;Solar;0;1;1;B;0
2025-12-07;Week. (B);OSC KotH Weekly #233;MaNa;Solar;0;1;1;B;0
2025-12-07;Week. (B);OSC KotH Weekly #233;Nicoract;Solar;0;1;1;B;0
2025-12-07;Week. (B);OSC KotH Weekly #233;MilkiCow;Solar;0;1;1;B;0
2025-12-07;Week. (B);OSC KotH Weekly #233;Gerald;Solar;0;1;1;B;0
2025-12-07;Week. (B);OSC KotH Weekly #233;Krystianer;Solar;0;1;1;B;0
2025-12-07;Week. (B);OSC KotH Weekly #233;Iba;Solar;0;1;1;B;0
2025-12-07;Week. (B);OSC KotH Weekly #233;MaxPax;Solar;0;1;1;B;0
2025-12-06;B-Tier;Masters Cup 150 - Playoffs;Creator;Solar;2;0;3;B;1
2025-12-06;Biw. (B);StarCraft Evolution League #17;Classic;Solar;0;3;5;B;0
2025-12-06;Biw. (B);StarCraft Evolution League #17;TaeJa;Solar;0;3;5;B;0
2025-12-06;Biw. (B);StarCraft Evolution League #17;TOP;Solar;0;2;3;B;0
2025-12-06;Biw. (B);StarCraft Evolution League #17;honnack;Solar;0;2;3;B;0
2025-12-02;Week. (B);PiGosaur Cup #60;Bunny;Solar;2;1;3;B;1
2025-12-02;Week. (B);PiGosaur Cup #60;Bulmyeolja;Solar;0;2;3;B;0
2025-12-01;Week. (B);WardiTV Mondays #63;Clem;Solar;1;3;5;B;0
2025-12-01;Week. (B);WardiTV Mondays #63;Reynor;Solar;0;2;3;B;0
2025-12-01;Week. (B);WardiTV Mondays #63;herO;Solar;0;2;3;B;0
2025-12-01;Week. (B);WardiTV Mondays #63;ByuN;Solar;0;2;3;B;0
2025-11-30;B-Tier;WardiTV Korean Royale S4 - Playoffs;herO;Solar;4;1;5;B;1
2025-11-29;B-Tier;WardiTV Korean Royale S4 - Playoffs;Classic;Solar;0;3;5;B;0
2025-11-26;Week. (B);OSC KotH Weekly #232;LetaleX;Solar;0;1;1;B;0
2025-11-26;Week. (B);OSC KotH Weekly #232;Moja;Solar;0;1;1;B;0
2025-11-26;Week. (B);OSC KotH Weekly #232;Nicoract;Solar;0;1;1;B;0
2025-11-26;Week. (B);OSC KotH Weekly #232;Gerald;Solar;0;1;1;B;0
2025-11-26;Week. (B);OSC KotH Weekly #232;Spirit;Solar;0;1;1;B;0
2025-11-26;Week. (B);OSC KotH Weekly #232;BabyMarine;Solar;0;1;1;B;0
2025-11-26;Week. (B);OSC KotH Weekly #232;Jumy;Solar;0;1;1;B;0
2025-11-25;Week. (B);PiGosaur Cup #59;Clem;Solar;3;0;5;B;1
2025-11-25;Week. (B);PiGosaur Cup #59;Cure;Solar;0;2;3;B;0
2025-11-25;Week. (B);PiGosaur Cup #59;Reaper;Solar;0;2;3;B;0
2025-11-24;Week. (B);Monday Night Weeklies #31;Clem;Solar;3;2;5;B;1
2025-11-24;Week. (B);Monday Night Weeklies #31;herO;Solar;0;1;1;B;0
2025-11-24;Week. (B);Monday Night Weeklies #31;MaxPax;Solar;0;1;1;B;0
2025-11-24;Week. (B);Monday Night Weeklies #31;Gerald;Solar;0;1;1;B;0
2025-11-24;Week. (B);Monday Night Weeklies #31;Clem;Solar;2;0;3;B;1
2025-11-24;Week. (B);Monday Night Weeklies #31;MaNa;Solar;1;2;3;B;0
2025-11-24;Week. (B);Monday Night Weeklies #31;sebesdes;Solar;0;2;3;B;0
2025-11-24;Week. (B);WardiTV Mondays #62;Lambo;Solar;2;1;3;B;1
2025-11-23;Qual. (A);WardiTV 2025 BQ;Nicoract;Solar;0;2;3;A;0
2025-11-23;Qual. (A);WardiTV 2025 BQ;Perceive;Solar;0;2;3;A;0
2025-11-22;B-Tier;WardiTV Korean Royale S4 - GS Group A;Cure;Solar;2;1;3;B;1
2025-11-22;B-Tier;WardiTV Korean Royale S4 - GS Group A;Zoun;Solar;1;2;3;B;0
2025-11-22;B-Tier;WardiTV Korean Royale S4 - GS Group A;Percival;Solar;1;2;3;B;0
2025-11-22;Biw. (B);StarCraft Evolution League #16;TaeJa;Solar;1;3;5;B;0
2025-11-22;Biw. (B);StarCraft Evolution League #16;Rumeith;Solar;0;3;5;B;0
2025-11-22;Biw. (B);StarCraft Evolution League #16;MilkiCow;Solar;1;2;3;B;0
2025-11-22;Biw. (B);StarCraft Evolution League #16;guilliman;Solar;1;2;3;B;0
2025-11-17;Week. (B);WardiTV Mondays #61;herO;Solar;0;3;5;B;0
2025-11-17;Week. (B);WardiTV Mondays #61;Creator;Solar;1;2;3;B;0
2025-11-17;Week. (B);WardiTV Mondays #61;goblin;Solar;0;2;3;B;0
2025-11-17;Week. (B);WardiTV Mondays #61;Ryung;Solar;0;2;3;B;0
2025-11-16;Week. (B);Sparkling Tuna Cup #113;Classic;Solar;0;3;5;B;0
2025-11-16;Week. (B);Sparkling Tuna Cup #113;NightMare;Solar;0;2;3;B;0
2025-11-16;Week. (B);Sparkling Tuna Cup #113;YoungYakov;Solar;0;2;3;B;0
2025-11-16;Week. (B);Sparkling Tuna Cup #113;BloodyMonstr;Solar;0;2;3;B;0
2025-11-13;Week. (B);PiGosaur Cup #57;Clem;Solar;3;1;5;B;1
2025-11-13;Week. (B);PiGosaur Cup #57;MaxPax;Solar;1;3;5;B;0
2025-11-13;A-Tier;RSL Revival: Season 3 - Group Stage;Zoun;Solar;2;1;3;A;1
2025-11-13;A-Tier;RSL Revival: Season 3 - Group Stage;MaxPax;Solar;2;1;3;A;1
2025-11-13;A-Tier;RSL Revival: Season 3 - Group Stage;Zoun;Solar;1;2;3;A;0
2025-11-13;Biw. (B);Tenacious Turtle Tussle #35;YoungYakov;Solar;0;2;3;B;0
2025-11-13;Week. (B);PiGosaur Cup #57;Shameless;Solar;0;2;3;B;0
2025-11-13;Week. (B);PiGosaur Cup #57;Bulmyeolja;Solar;0;2;3;B;0
2025-11-12;Biw. (B);Tenacious Turtle Tussle #35;Greenert;Solar;0;2;3;B;0
2025-11-12;B-Tier;Kung Fu Cup 2025 Monthly #3;herO;Solar;3;2;5;B;1
2025-11-12;B-Tier;Kung Fu Cup 2025 Monthly #3;Classic;Solar;2;1;3;B;1
2025-11-11;B-Tier;Masters Cup 150 - Group A;EnDerr;Solar;0;2;3;B;0
2025-11-11;B-Tier;Masters Cup 150 - Group A;Demi;Solar;0;2;3;B;0
2025-11-11;B-Tier;Masters Cup 150 - Group A;LetaleX;Solar;0;2;3;B;0
2025-11-11;B-Tier;Masters Cup 150 - Group A;BabyMarine;Solar;1;1;3;B;0
2025-11-10;Week. (B);WardiTV Mondays #59;MaxPax;Solar;2;3;5;B;0
2025-11-10;Week. (B);WardiTV Mondays #59;herO;Solar;0;2;3;B;0
2025-11-10;Week. (B);WardiTV Mondays #59;Elazer;Solar;0;2;3;B;0
2025-11-10;Week. (B);WardiTV Mondays #60;Percival;Solar;2;0;3;B;1
2025-11-10;Week. (B);WardiTV Mondays #59;Nicoract;Solar;0;2;3;B;0
2025-11-10;Week. (B);WardiTV Mondays #60;BabyMarine;Solar;0;2;3;B;0
2025-11-09;B-Tier;WardiTV Korean Royale S4 - GS Group A;NightMare;Solar;1;2;3;B;0
2025-11-09;B-Tier;WardiTV Korean Royale S4 - GS Group A;Reynor;Solar;0;2;3;B;0
2025-11-09;B-Tier;WardiTV Korean Royale S4 - GS Group A;Ryung;Solar;0;2;3;B;0
2025-11-09;Week. (B);Sparkling Tuna Cup #112;Krystianer;Solar;2;1;3;B;1
2025-11-09;Week. (B);Sparkling Tuna Cup #112;LetaleX;Solar;0;2;3;B;0
2025-11-07;Week. (B);OSC KotH Weekly #230;Shameless;Solar;1;0;1;B;1
2025-11-07;Week. (B);OSC KotH Weekly #230;Percival;Solar;0;1;1;B;0
2025-11-07;Week. (B);OSC KotH Weekly #230;ART;Solar;0;1;1;B;0
2025-11-07;Week. (B);OSC KotH Weekly #230;YoungYakov;Solar;0;1;1;B;0
2025-11-07;Week. (B);OSC KotH Weekly #230;LetaleX;Solar;0;1;1;B;0
2025-11-07;Week. (B);OSC KotH Weekly #230;Nicoract;Solar;0;1;1;B;0
2025-11-07;Week. (B);OSC KotH Weekly #230;Demi;Solar;0;1;1;B;0
2025-11-07;Week. (B);OSC KotH Weekly #230;uThermal;Solar;0;1;1;B;0
2025-11-05;Qual. (B);WardiTV Korean Royale Season 4 Q2;Ryung;Solar;0;2;3;B;0
2025-11-05;Qual. (B);WardiTV Korean Royale Season 4 Q2;Percival;Solar;0;2;3;B;0
2025-11-05;Week. (B);PiGosaur Cup #56;MaxPax;Solar;3;2;5;B;1
2025-11-05;Qual. (B);WardiTV Korean Royale Season 4 Q2;Rex;Solar;1;2;3;B;0
2025-11-04;Qual. (B);WardiTV Korean Royale Season 4 Q1;herO;Solar;2;0;3;B;1
2025-11-04;Qual. (B);WardiTV Korean Royale Season 4 Q1;Rogue;Solar;0;2;3;B;0
2025-11-04;Week. (B);PiGosaur Cup #56;YoungYakov;Solar;0;2;3;B;0
2025-11-04;Week. (B);PiGosaur Cup #56;RaGnaR;Solar;0;2;3;B;0
2025-11-04;Qual. (B);WardiTV Korean Royale Season 4 Q1;MilkiCow;Solar;0;2;3;B;0
2025-11-03;Week. (B);Monday Night Weeklies #29;herO;Solar;0;1;1;B;0
2025-11-03;Week. (B);Monday Night Weeklies #29;herO;Solar;3;2;5;B;1
2025-11-03;Week. (B);Monday Night Weeklies #29;Shameless;Solar;0;2;3;B;0
2025-11-03;Week. (B);Monday Night Weeklies #29;Clem;Solar;1;2;3;B;0
2025-11-03;Week. (B);Monday Night Weeklies #29;ByuN;Solar;1;2;3;B;0
2025-11-03;Week. (B);Monday Night Weeklies #29;BabyMarine;Solar;0;2;3;B;0
2025-10-31;B-Tier;WardiTV October 2025 - Playoffs;Gerald;Solar;0;3;5;B;0
2025-10-31;B-Tier;WardiTV October 2025 - Playoffs;ByuN;Solar;1;3;5;B;0
2025-10-31;B-Tier;WardiTV October 2025 - Playoffs;herO;Solar;1;2;3;B;0
2025-10-27;Week. (B);Monday Night Weeklies #28;herO;Solar;1;0;1;B;1
2025-10-27;Week. (B);Monday Night Weeklies #28;Clem;Solar;2;1;3;B;1
2025-10-27;Week. (B);Monday Night Weeklies #28;HeRoMaRinE;Solar;0;2;3;B;0
2025-10-27;Week. (B);WardiTV Mondays #57;herO;Solar;2;1;3;B;1
2025-10-27;Week. (B);WardiTV Mondays #57;Gaettwo;Solar;0;2;3;B;0
2025-10-27;Week. (B);Monday Night Weeklies #28;Fjant;Solar;0;2;3;B;0
2025-10-26;B-Tier;WardiTV October 2025 - Group Stage;YoungYakov;Solar;0;2;3;B;0
2025-10-26;B-Tier;WardiTV October 2025 - Group Stage;MaNa;Solar;2;0;3;B;1
2025-10-26;B-Tier;WardiTV October 2025 - Group Stage;Shameless;Solar;0;2;3;B;0
2025-10-25;Qual. (A);RSL Revival: Season 3 Korea Qualifier;Ryung;Solar;2;3;5;A;0
2025-10-25;Qual. (A);RSL Revival: Season 3 Korea Qualifier;Rex;Solar;1;2;3;A;0
2025-10-23;Week. (B);OSC KotH Weekly #228;Lambo;Solar;0;1;1;B;0
2025-10-23;Week. (B);OSC KotH Weekly #228;Krystianer;Solar;0;1;1;B;0
2025-10-23;Week. (B);OSC KotH Weekly #228;ART;Solar;0;1;1;B;0
2025-10-23;Week. (B);OSC KotH Weekly #228;Creator;Solar;0;1;1;B;0
2025-10-23;Week. (B);OSC KotH Weekly #228;Nicoract;Solar;0;1;1;B;0
2025-10-23;Week. (B);OSC KotH Weekly #228;Demi;Solar;0;1;1;B;0
2025-10-23;Week. (B);OSC KotH Weekly #228;Jumy;Solar;0;1;1;B;0
2025-10-23;Week. (B);OSC KotH Weekly #228;ReBellioN;Solar;0;1;1;B;0
2025-10-23;Week. (B);OSC KotH Weekly #228;Percival;Solar;0;1;1;B;0
2025-10-22;B-Tier;OSC 2025 MSP #2;Cure;Solar;0;3;5;B;0
2025-10-22;Week. (B);PiGosaur Cup #54;Clem;Solar;3;1;5;B;1
2025-10-21;Qual. (B);WardiTV October 2025 Q2;ByuN;Solar;0;2;3;B;0
2025-10-21;Qual. (B);WardiTV October 2025 Q2;Ryung;Solar;0;2;3;B;0
2025-10-21;Qual. (B);WardiTV October 2025 Q1;herO;Solar;0;2;3;B;0
2025-10-21;Qual. (B);WardiTV October 2025 Q1;ByuN;Solar;0;2;3;B;0
2025-10-21;Qual. (B);WardiTV October 2025 Q1;Shameless;Solar;0;2;3;B;0
2025-10-21;Week. (B);PiGosaur Cup #54;ByuN;Solar;0;2;3;B;0
2025-10-21;Qual. (B);WardiTV October 2025 Q2;Gerald;Solar;0;2;3;B;0
2025-10-21;Qual. (B);WardiTV October 2025 Q1;MilkiCow;Solar;0;2;3;B;0
2025-10-21;Week. (B);PiGosaur Cup #54;Replicant;Solar;0;2;3;B;0
2025-10-21;Qual. (B);WardiTV October 2025 Q2;ReBellioN;Solar;0;2;3;B;0
2025-10-20;Week. (B);Monday Night Weeklies #27;Cure;Solar;1;0;1;B;1
2025-10-20;Week. (B);Monday Night Weeklies #27;Gerald;Solar;0;1;1;B;0
2025-10-20;Week. (B);Monday Night Weeklies #27;Fjant;Solar;0;1;1;B;0
2025-10-20;Week. (B);Monday Night Weeklies #27;MaxPax;Solar;2;1;3;B;1
2025-10-20;Week. (B);Monday Night Weeklies #27;Mixu;Solar;0;2;3;B;0
2025-10-19;Week. (B);Sparkling Tuna Cup #110;ByuN;Solar;1;2;3;B;0
2025-10-19;Week. (B);Sparkling Tuna Cup #110;Krystianer;Solar;0;2;3;B;0
2025-10-19;Week. (B);Sparkling Tuna Cup #110;triple;Solar;0;2;3;B;0
2025-10-18;B-Tier;prome's Evo #2;Classic;Solar;2;4;5;B;0
2025-10-18;B-Tier;prome's Evo #2;Ryung;Solar;1;3;5;B;0
2025-10-16;Week. (B);OSC KotH Weekly #227;sebesdes;Solar;1;0;1;B;1
2025-10-16;Week. (B);OSC KotH Weekly #227;Nicoract;Solar;0;1;1;B;0
2025-10-15;Week. (B);PiGosaur Cup #53;Clem;Solar;3;1;5;B;1
2025-10-15;Week. (B);PiGosaur Cup #53;ByuN;Solar;2;3;5;B;0
2025-10-14;B-Tier;OSC 2025 MSP #2;Krystianer;Solar;0;2;3;B;0
2025-10-14;Week. (B);PiGosaur Cup #53;Percival;Solar;0;2;3;B;0
2025-10-14;Week. (B);PiGosaur Cup #53;NeosShagGy;Solar;0;2;3;B;0
2025-10-13;Week. (B);Monday Night Weeklies #26;herO;Solar;1;0;1;B;1
2025-10-13;Week. (B);Monday Night Weeklies #26;Clem;Solar;2;0;3;B;1
2025-10-13;Week. (B);Monday Night Weeklies #26;ByuN;Solar;1;2;3;B;0
2025-10-13;Week. (B);Monday Night Weeklies #26;uThermal;Solar;0;2;3;B;0
2025-09-29;Week. (B);WardiTV Mondays #53;MaxPax;Solar;2;0;3;B;1
2025-09-29;Week. (B);WardiTV Mondays #53;SKillous;Solar;0;2;3;B;0
2025-09-29;Week. (B);WardiTV Mondays #53;Gerald;Solar;0;2;3;B;0
2025-09-26;B-Tier;prome's Evo #1;Classic;Solar;4;2;5;B;1
2025-09-24;Week. (B);PiGosaur Cup #50;MaxPax;Solar;0;3;5;B;0
2025-09-24;Week. (B);PiGosaur Cup #50;ByuN;Solar;2;3;5;B;0
2025-09-23;Week. (B);PiGosaur Cup #50;Nicoract;Solar;0;2;3;B;0
2025-09-20;Biw. (B);StarCraft Evolution League 1.17 PTR Open #1;TaeJa;Solar;1;2;3;B;0
2025-09-20;Biw. (B);StarCraft Evolution League 1.17 PTR Open #1;ByuN;Solar;1;2;3;B;0
2025-09-20;Biw. (B);StarCraft Evolution League 1.17 PTR Open #1;TaeJa;Solar;1;2;3;B;0
2025-09-20;Biw. (B);StarCraft Evolution League 1.17 PTR Open #1;prome;Solar;0;2;3;B;0
2025-09-17;B-Tier;OSC 2025 MSP #2;goblin;Solar;1;2;3;B;0
2025-09-17;B-Tier;LiuLi Cup Weekly #6;herO;Solar;3;1;5;B;1
2025-09-17;B-Tier;LiuLi Cup Weekly #6;MaxPax;Solar;1;2;3;B;0
2025-09-17;Week. (B);PiGosaur Cup #49;ByuN;Solar;3;1;5;B;1
2025-09-17;B-Tier;LiuLi Cup Weekly #6;ByuN;Solar;0;2;3;B;0
2025-09-17;B-Tier;LiuLi Cup Weekly #6;Chance;Solar;0;2;3;B;0
2025-09-16;Week. (B);Sparkling Tuna Cup #106;Creator;Solar;0;2;3;B;0
2025-09-16;Week. (B);Sparkling Tuna Cup #106;Nicoract;Solar;0;2;3;B;0
2025-09-16;Week. (B);Sparkling Tuna Cup #106;acheron;Solar;0;2;3;B;0
2025-09-16;Week. (B);PiGosaur Cup #49;Percival;Solar;0;2;3;B;0
2025-09-16;Week. (B);Sparkling Tuna Cup #106;Davelitoss;Solar;0;2;3;B;0
2025-09-15;Week. (B);WardiTV Mondays #51;Cure;Solar;2;1;3;B;1
2025-09-15;Week. (B);WardiTV Mondays #51;Harstem;Solar;0;2;3;B;0
2025-09-15;Week. (B);WardiTV Mondays #51;LetaleX;Solar;0;2;3;B;0
2025-09-14;A-Tier;Chzzk MurlocKing SC1 vs SC2 Cup #2;Lambo;Solar;3;1;5;A;1
2025-09-14;A-Tier;Chzzk MurlocKing SC1 vs SC2 Cup #2;herO;Solar;0;3;5;A;0
2025-09-06;A-Tier;Maestros of the Game - Group C;Bunny;Solar;3;1;5;A;1
2025-09-06;A-Tier;Maestros of the Game - Group C;Rogue;Solar;1;3;5;A;0
2025-09-06;A-Tier;Maestros of the Game - Group C;Bunny;Solar;2;0;3;A;1
2025-09-06;A-Tier;Chzzk MurlocKing SC1 vs SC2 Cup #2;Cure;Solar;3;0;5;A;1
2025-09-06;A-Tier;Chzzk MurlocKing SC1 vs SC2 Cup #2;MaxPax;Solar;0;2;3;A;0
2021-01-01;Week. (B);ITaX Trovo Series #6;INnoVation;Solar;3;0;5;B;1
2020-12-31;Mon. (B);ITaX Trovo Rumble #2 - Playoffs;Dream;Solar;3;0;5;B;1
2020-12-30;Week. (B);ITaX Trovo Weekly #16;Cure;Solar;4;2;5;B;1
2020-12-30;Week. (B);ITaX Trovo Weekly #16;TY;Solar;1;3;5;B;0
2020-12-30;Mon. (B);ITaX Trovo Rumble #2 - Group B;Creator;Solar;0;2;3;B;0
2020-12-30;Mon. (B);ITaX Trovo Rumble #2 - Group B;ByuN;Solar;2;0;3;B;1
2020-12-30;Mon. (B);ITaX Trovo Rumble #2 - Group B;Creator;Solar;1;2;3;B;0
2020-12-29;B-Tier;OSC 2020 Super Series, Mid Season Playoffs #3;MaNa;Solar;3;2;5;B;1
2020-12-28;Week. (B);ESL Open Cup #51 Korea;Trap;Solar;3;1;5;B;1
2020-12-28;Week. (B);ESL Open Cup #51 Korea;Zest;Solar;2;3;5;B;0
2020-12-28;Week. (B);ESL Open Cup #51 Korea;Cure;Solar;0;2;3;B;0
2020-12-28;Week. (B);ESL Open Cup #51 Korea;Dream;Solar;1;2;3;B;0
2020-12-28;Week. (B);ESL Open Cup #51 Korea;Ryung;Solar;0;2;3;B;0
2020-12-27;B-Tier;OSC 2020 Super Series, Mid Season Playoffs #3;MaxPax;Solar;0;3;5;B;0
2020-12-23;Week. (B);ITaX Trovo Weekly #15;Bunny;Solar;3;1;5;B;1
2020-12-22;Showm. (B);Alpha Pro Series: 2020 Show Matches - Premier;Dream;Solar;5;1;7;B;1
2020-12-22;Week. (B);ESL Open Cup #50 Americas;Zest;Solar;3;2;5;B;1
2020-12-21;Week. (B);ITaX Trovo Series #4;INnoVation;Solar;6;5;7;B;1
2020-12-21;Week. (B);ESL Open Cup #50 Americas;Armani;Solar;0;2;3;B;0
2020-12-21;Week. (B);ESL Open Cup #50 Americas;Vindicta;Solar;1;2;3;B;0
2020-12-21;Week. (B);ESL Open Cup #50 Americas;StephenCurry;Solar;0;2;3;B;0
2020-12-19;S-Tier;TSL 6;Maru;Solar;3;1;5;S;1
2020-12-17;Week. (B);Kung Fu Cup 2020 Weekly #30;Zest;Solar;3;1;5;B;1
2020-12-17;Week. (B);Kung Fu Cup 2020 Weekly #30;Armani;Solar;1;2;3;B;0
2020-12-17;Week. (B);Kung Fu Cup 2020 Weekly #30;SpeCial;Solar;0;2;3;B;0
2020-12-17;Week. (B);Kung Fu Cup 2020 Weekly #30;MacSed;Solar;0;2;3;B;0
2020-12-17;Week. (B);Kung Fu Cup 2020 Weekly #30;Rogue;Solar;1;2;3;B;0
2020-12-15;B-Tier;OSC 2020 Super Series, Mid Season Playoffs #3;Bly;Solar;1;2;3;B;0
2020-12-15;B-Tier;OSC 2020 Super Series, Mid Season Playoffs #3;Spatz;Solar;0;2;3;B;0
2020-12-14;Week. (B);ESL Open Cup #49 Korea;Stats;Solar;0;3;5;B;0
2020-12-14;Week. (B);ESL Open Cup #49 Korea;Zest;Solar;2;3;5;B;0
2020-12-14;Week. (B);ESL Open Cup #49 Korea;Creator;Solar;0;2;3;B;0
2020-12-14;Week. (B);ESL Open Cup #49 Korea;DongRaeGu;Solar;0;2;3;B;0
2020-12-14;Week. (B);ESL Open Cup #49 Korea;maelstrom;Solar;0;2;3;B;0
2020-12-14;Week. (B);ESL Open Cup #49 Americas;Gerald;Solar;2;1;3;B;1
2020-12-14;Week. (B);ESL Open Cup #49 Americas;Mixu;Solar;0;2;3;B;0
2020-12-14;Week. (B);ESL Open Cup #49 Americas;Whiteidra;Solar;0;2;3;B;0
2020-12-13;S-Tier;TSL 6;Cure;Solar;1;3;5;S;0
2020-12-12;S-Tier;TSL 6;Rogue;Solar;3;1;5;S;1
2020-12-12;B-Tier;Afreeca World 68;Zest;Solar;4;2;5;B;1
2020-12-12;B-Tier;Afreeca World 68;Zoun;Solar;2;3;5;B;0
2020-12-11;Week. (B);OSC King of the Hill Weekly #52;Clem;Solar;1;0;1;B;1
2020-12-11;Week. (B);OSC King of the Hill Weekly #52;Krystianer;Solar;0;1;1;B;0
2020-12-11;Week. (B);OSC King of the Hill Weekly #52;Kelazhur;Solar;0;1;1;B;0
2020-12-11;Week. (B);OSC King of the Hill Weekly #52;Namshar;Solar;0;1;1;B;0
2020-12-11;B-Tier;OSC 2020 Super Series, Mid Season Playoffs #2;SpeCial;Solar;1;4;5;B;0
2020-12-11;B-Tier;OSC 2020 Super Series, Mid Season Playoffs #2;MaxPax;Solar;1;3;5;B;0
2020-12-10;Qual. (S);DH Masters: Last Chance 2021 Asia - Bracket;Nice;Solar;1;3;5;S;0
2020-12-10;Qual. (S);DH Masters: Last Chance 2021 Asia - Bracket;Zest;Solar;1;2;3;S;0
2020-12-10;Qual. (S);DH Masters: Last Chance 2021 Asia - Bracket;Creator;Solar;0;2;3;S;0
2020-12-09;Week. (B);ITaX Trovo Weekly #13;Zest;Solar;3;1;5;B;1
2020-12-07;Week. (B);ESL Open Cup #48 Korea;Stats;Solar;2;0;3;B;1
2020-12-07;Week. (B);ESL Open Cup #48 Americas;ByuN;Solar;2;1;3;B;1
2020-12-07;Week. (B);ESL Open Cup #48 Korea;Percival;Solar;1;2;3;B;0
2020-12-07;Week. (B);ESL Open Cup #48 Americas;Vindicta;Solar;0;2;3;B;0
2020-12-07;Week. (B);ESL Open Cup #48 Korea;fork;Solar;0;2;3;B;0
2020-12-07;Week. (B);ESL Open Cup #48 Americas;SabeRLighT;Solar;0;2;3;B;0
2020-12-06;S-Tier;TSL 6;DongRaeGu;Solar;1;3;5;S;0
2020-12-06;Week. (B);OSC King of the Hill Weekly #51;starkiller;Solar;0;1;1;B;0
2020-12-06;Week. (B);OSC King of the Hill Weekly #51;Bee;Solar;0;1;1;B;0
2020-12-06;Week. (B);OSC King of the Hill Weekly #51;kiyj;Solar;0;1;1;B;0
2020-12-06;Week. (B);OSC King of the Hill Weekly #51;Ziomek;Solar;0;1;1;B;0
2020-12-06;Week. (B);OSC King of the Hill Weekly #51;Snoxtar;Solar;0;1;1;B;0
2020-12-06;Week. (B);OSC King of the Hill Weekly #51;Ryan;Solar;0;1;1;B;0
2020-12-06;Week. (B);OSC King of the Hill Weekly #51;Marsman;Solar;0;1;1;B;0
2020-12-06;Week. (B);OSC King of the Hill Weekly #51;Creator;Solar;0;1;1;B;0
2020-12-06;Week. (B);OSC King of the Hill Weekly #51;Vanya;Solar;0;1;1;B;0
2020-12-06;Week. (B);OSC King of the Hill Weekly #51;Bly;Solar;0;1;1;B;0
2020-12-06;Week. (B);OSC King of the Hill Weekly #51;Gerald;Solar;0;1;1;B;0
2020-12-06;Week. (B);OSC King of the Hill Weekly #51;ShoWTimE;Solar;0;1;1;B;0
2020-12-05;Showm. (B);ITaX Super Series #40;TIME;Solar;3;1;5;B;1
2020-12-04;A-Tier;NeXT 2020 Winter - Group D;Dark;Solar;2;1;3;A;1
2020-12-04;A-Tier;NeXT 2020 Winter - Group D;sOs;Solar;1;2;3;A;0
2020-12-04;A-Tier;NeXT 2020 Winter - Group D;PartinG;Solar;2;1;3;A;1
2020-12-03;Week. (B);Kung Fu Cup 2020 Weekly #29;Creator;Solar;2;0;3;B;1
2020-12-03;Week. (B);Kung Fu Cup 2020 Weekly #29;PartinG;Solar;1;2;3;B;0
2020-12-03;Week. (B);Kung Fu Cup 2020 Weekly #29;hyperion;Solar;0;2;3;B;0
2020-12-03;Qual. (S);TeamLiquid StarLeague 6: Korea Server Qualifiers - Bracket;Dark;Solar;1;2;3;S;0
2020-12-03;Qual. (S);TeamLiquid StarLeague 6: Korea Server Qualifiers - Bracket;TIME;Solar;0;2;3;S;0
2020-12-02;S-Tier;2020 GSL ST 2;Trap;Solar;3;2;5;S;1
2020-12-01;Qual. (S);TeamLiquid StarLeague 6: Korea Server Qualifiers - Bracket;RagnaroK;Solar;2;1;3;S;1
2020-11-30;Week. (B);ESL Open Cup #47 Korea;Rogue;Solar;3;1;5;B;1
2020-11-30;Week. (B);ESL Open Cup #47 Korea;SpeCial;Solar;1;2;3;B;0
2020-11-30;Week. (B);ESL Open Cup #47 Korea;NightMare;Solar;0;2;3;B;0
2020-11-29;A-Tier;ASUS ROG Online 2020 - Playoffs;ByuN;Solar;3;0;5;A;1
2020-11-29;A-Tier;ASUS ROG Online 2020 - Playoffs;PartinG;Solar;0;3;5;A;0
2020-11-28;B-Tier;Taco Cup 6;Clem;Solar;3;1;5;B;1
2020-11-28;B-Tier;Taco Cup 6;Bly;Solar;0;3;5;B;0
2020-11-28;B-Tier;Taco Cup 6;Cham;Solar;0;2;3;B;0
2020-11-28;A-Tier;ASUS ROG Online 2020 - Group C;Maru;Solar;1;3;5;A;0
2020-11-28;A-Tier;ASUS ROG Online 2020 - Group C;Clem;Solar;0;3;5;A;0
2020-11-27;B-Tier;Taco Cup 6;Erik;Solar;0;2;3;B;0
2020-11-26;Week. (B);Kung Fu Cup 2020 Weekly #28;DongRaeGu;Solar;2;0;3;B;1
2020-11-24;Mon. (B);OlimoLeague Monthly Finals: November 2020;Stats;Solar;2;0;3;B;1
2020-11-23;Week. (B);ESL Open Cup #46 Americas;MaNa;Solar;2;0;3;B;1
2020-11-23;Week. (B);ESL Open Cup #46 Americas;Namshar;Solar;1;2;3;B;0
2020-11-23;Week. (B);ESL Open Cup #46 Americas;NeosHagGy;Solar;0;2;3;B;0
2020-11-23;Week. (B);ESL Open Cup #46 Korea;Dark;Solar;2;1;3;B;1
2020-11-23;Week. (B);ESL Open Cup #46 Korea;Rex;Solar;1;2;3;B;0
2020-11-22;Qual. (S);2020 AfreecaTV GSL Super Tournament 2: Qualifier;Patience;Solar;0;2;3;S;0
2020-11-22;Qual. (S);2020 AfreecaTV GSL Super Tournament 2: Qualifier;Trap;Solar;2;0;3;S;1
2020-11-22;Qual. (S);2020 AfreecaTV GSL Super Tournament 2: Qualifier;gyulzzing;Solar;0;2;3;S;0
2020-11-22;Qual. (S);2020 AfreecaTV GSL Super Tournament 2: Qualifier;Gemini;Solar;0;2;3;S;0
2020-11-21;Qual. (A);ASUS ROG Online 2020: Korea Server Qualifier;Zest;Solar;0;2;3;A;0
2020-11-21;Qual. (A);ASUS ROG Online 2020: Korea Server Qualifier;TIME;Solar;0;2;3;A;0
2020-11-21;Qual. (A);ASUS ROG Online 2020: Korea Server Qualifier;Dark;Solar;1;2;3;A;0
2020-11-21;Qual. (A);ASUS ROG Online 2020: Korea Server Qualifier;RagnaroK;Solar;1;2;3;A;0
2020-11-20;Showm. (B);ITaX Super Series #37;Zest;Solar;1;4;5;B;0
2020-11-20;Showm. (B);ITaX Super Series #37;SpeCial;Solar;0;3;5;B;0
2020-11-20;Qual. (A);ASUS ROG Online 2020: Europe Server Qualifier;Denver;Solar;2;0;3;A;1
2020-11-19;B-Tier;OSC 2020 Super Series, Mid Season Playoffs #2;SpeCial;Solar;3;1;5;B;1
2020-11-19;Week. (B);Kung Fu Cup 2020 Weekly #27;ByuN;Solar;2;0;3;B;1
2020-11-19;Week. (B);Kung Fu Cup 2020 Weekly #27;Rogue;Solar;0;2;3;B;0
2020-11-19;Week. (B);Kung Fu Cup 2020 Weekly #27;MacSed;Solar;0;2;3;B;0
2020-11-19;Week. (B);Kung Fu Cup 2020 Weekly #27;BYE;Solar;0;1;1;B;0
2020-11-17;Week. (B);OlimoLeague Week #210;ByuN;Solar;2;0;3;B;1
2020-11-17;Week. (B);ESL Open Cup #45 Americas;Armani;Solar;2;3;5;B;0
2020-11-17;Week. (B);ESL Open Cup #45 Americas;MaxPax;Solar;1;3;5;B;0
2020-11-17;Week. (B);OlimoLeague Week #210;Bubble;Solar;0;2;3;B;0
2020-11-17;Week. (B);OlimoLeague Week #210;HonMonO;Solar;0;2;3;B;0
2020-11-16;Week. (B);ESL Open Cup #45 Korea;ByuN;Solar;2;1;3;B;1
2020-11-16;Week. (B);ESL Open Cup #45 Korea;mztkb;Solar;0;2;3;B;0
2020-11-16;Week. (B);ESL Open Cup #45 Americas;Dolan;Solar;0;2;3;B;0
2020-11-16;Week. (B);ESL Open Cup #45 Americas;gyulzzing;Solar;0;2;3;B;0
2020-11-16;Week. (B);ESL Open Cup #45 Americas;Shoes;Solar;0;2;3;B;0
2020-11-11;B-Tier;OSC 2020 Super Series, Mid Season Playoffs #2;Creator;Solar;1;3;5;B;0
2020-11-10;B-Tier;WardiTV Invitational 11 - Group A;Zoun;Solar;2;1;3;B;1
2020-11-10;B-Tier;WardiTV Invitational 11 - Group A;Rogue;Solar;2;0;3;B;1
2020-11-10;B-Tier;WardiTV Invitational 11 - Group A;Zoun;Solar;1;2;3;B;0
2020-11-10;Week. (B);ESL Open Cup #44 Americas;Dream;Solar;0;3;5;B;0
2020-11-10;Week. (B);ESL Open Cup #44 Americas;Bly;Solar;0;3;5;B;0
2020-11-09;Week. (B);ESL Open Cup #44 Korea;Dream;Solar;2;1;3;B;1
2020-11-09;Week. (B);ESL Open Cup #44 Korea;Rex;Solar;0;2;3;B;0
2020-11-09;Week. (B);ESL Open Cup #44 Korea;BYE;Solar;0;1;1;B;0
2020-11-09;Week. (B);ESL Open Cup #44 Americas;Nina;Solar;0;2;3;B;0
2020-11-09;Week. (B);ESL Open Cup #44 Americas;Dolan;Solar;0;2;3;B;0
2020-11-09;Week. (B);ESL Open Cup #44 Americas;perhark;Solar;0;2;3;B;0
2020-11-08;B-Tier;IntoTheAlphaX Pro Circuit 4 - Group C;RagnaroK;Solar;2;1;3;B;1
2020-11-08;B-Tier;IntoTheAlphaX Pro Circuit 4 - Group C;INnoVation;Solar;0;2;3;B;0
2020-11-08;B-Tier;IntoTheAlphaX Pro Circuit 4 - Group C;Trap;Solar;2;1;3;B;1
2020-11-07;Week. (B);ITaX Trovo Weekly #9;Cure;Solar;3;4;5;B;0
2020-11-07;Week. (B);ITaX Trovo Weekly #9;ByuN;Solar;3;0;5;B;1
2020-11-05;Week. (B);Kung Fu Cup 2020 Weekly #26;DongRaeGu;Solar;2;1;3;B;1
2020-11-05;B-Tier;OSC 2020 Super Series, Mid Season Playoffs #2;Kelazhur;Solar;1;2;3;B;0
2020-11-05;Week. (B);Kung Fu Cup 2020 Weekly #26;Dream;Solar;0;2;3;B;0
2020-11-05;Week. (B);Kung Fu Cup 2020 Weekly #26;hyperion;Solar;1;2;3;B;0
2020-11-03;Week. (B);Alpha X Series Special #15;Zest;Solar;3;0;5;B;1
2020-11-03;Week. (B);ESL Open Cup #43 Americas;SKillous;Solar;1;3;5;B;0
2020-11-03;Week. (B);ESL Open Cup #43 Americas;Cham;Solar;1;3;5;B;0
2020-11-02;Week. (B);ESL Open Cup #43 Korea;Stats;Solar;3;0;5;B;1
2020-11-02;Week. (B);ESL Open Cup #43 Korea;Rex;Solar;0;2;3;B;0
2020-11-02;Week. (B);ESL Open Cup #43 Korea;Percival;Solar;0;2;3;B;0
2020-11-02;Week. (B);ESL Open Cup #43 Americas;Armani;Solar;1;2;3;B;0
2020-11-02;Week. (B);ESL Open Cup #43 Americas;Jason;Solar;0;2;3;B;0
2020-11-02;Week. (B);ESL Open Cup #43 Americas;Ruiyichi;Solar;0;2;3;B;0
2020-11-01;B-Tier;OSC 2020 Super Series, Mid Season Playoffs #2;BluE;Solar;0;2;3;B;0
2020-11-01;B-Tier;The Falling Leaves Invitational - Playoffs;Trap;Solar;4;1;5;B;1
2020-11-01;B-Tier;The Falling Leaves Invitational - Playoffs;Rogue;Solar;0;3;5;B;0
2020-11-01;B-Tier;ITaX Super Series #33;Bunny;Solar;4;1;5;B;1
2020-10-31;B-Tier;ITaX Super Series #33;ByuN;Solar;2;3;5;B;0
2020-10-31;B-Tier;The Falling Leaves Invitational - Playoffs;Patience;Solar;1;3;5;B;0
2020-10-27;Mon. (B);OlimoLeague Monthly Finals: October 2020;Creator;Solar;3;0;5;B;1
2020-10-27;Week. (B);ESL Open Cup #42 Americas;Armani;Solar;1;3;5;B;0
2020-10-27;Week. (B);ESL Open Cup #42 Americas;Gerald;Solar;0;3;5;B;0
2020-10-27;Mon. (B);OlimoLeague Monthly Finals: October 2020;RagnaroK;Solar;1;2;3;B;0
2020-10-26;Week. (B);ESL Open Cup #42 Europe;Reynor;Solar;3;1;5;B;1
2020-10-26;Week. (B);ESL Open Cup #42 Europe;Neeb;Solar;1;2;3;B;0
2020-10-26;Week. (B);ESL Open Cup #42 Europe;souL;Solar;0;2;3;B;0
2020-10-26;Week. (B);ESL Open Cup #42 Europe;Arrogfire;Solar;0;2;3;B;0
2020-10-26;Week. (B);ESL Open Cup #42 Korea;Dark;Solar;0;3;5;B;0
2020-10-26;Week. (B);ESL Open Cup #42 Korea;Trap;Solar;2;3;5;B;0
2020-10-26;Week. (B);ESL Open Cup #42 Korea;Zoun;Solar;1;2;3;B;0
2020-10-26;Week. (B);ESL Open Cup #42 Korea;Creator;Solar;0;2;3;B;0
2020-10-26;Week. (B);ESL Open Cup #42 Americas;Nina;Solar;0;2;3;B;0
2020-10-26;Week. (B);ESL Open Cup #42 Americas;Golden;Solar;0;2;3;B;0
2020-10-26;Week. (B);ESL Open Cup #42 Americas;MimeronVex;Solar;1;2;3;B;0
2020-10-24;Week. (B);OSC King of the Hill Weekly #45;MeomaikA;Solar;1;0;1;B;1
2020-10-24;Week. (B);OSC King of the Hill Weekly #45;souL;Solar;0;1;1;B;0
2020-10-23;B-Tier;The Falling Leaves Invitational - Group B;NightMare;Solar;0;2;3;B;0
2020-10-23;B-Tier;The Falling Leaves Invitational - Group B;NaTuRal;Solar;1;2;3;B;0
2020-10-23;B-Tier;The Falling Leaves Invitational - Group B;ByuN;Solar;2;0;3;B;1
2020-10-21;Week. (B);ITaX Trovo Weekly #7;ByuN;Solar;3;0;5;B;1
2020-10-19;Week. (B);ESL Open Cup #41 Korea;Dark;Solar;3;1;5;B;1
2020-10-19;Week. (B);ESL Open Cup #41 Korea;Bunny;Solar;2;3;5;B;0
2020-10-19;Week. (B);ESL Open Cup #41 Korea;DongRaeGu;Solar;1;2;3;B;0
2020-10-19;Week. (B);ESL Open Cup #41 Americas;PiLiPiLi;Solar;2;0;3;B;1
2020-10-19;Week. (B);ESL Open Cup #41 Americas;NightMare;Solar;0;2;3;B;0
2020-10-19;Week. (B);ESL Open Cup #41 Korea;Silky;Solar;0;2;3;B;0
2020-10-19;Week. (B);ESL Open Cup #41 Americas;MimeronVex;Solar;0;2;3;B;0
2020-10-18;Qual. (A);Cheeseadelphia Winter Championship 2021: Qualifier #1;Bly;Solar;1;3;5;A;0
2020-10-18;Qual. (A);Cheeseadelphia Winter Championship 2021: Qualifier #1;MaxPax;Solar;0;2;3;A;0
2020-10-18;Qual. (A);Cheeseadelphia Winter Championship 2021: Qualifier #1;MaNa;Solar;1;2;3;A;0
2020-10-18;Qual. (A);Cheeseadelphia Winter Championship 2021: Qualifier #1;Ziggy;Solar;1;2;3;A;0
2020-10-16;B-Tier;ITaX Super Series #28;RagnaroK;Solar;4;3;5;B;1
2020-10-16;B-Tier;ITaX Super Series #28;Creator;Solar;1;3;5;B;0
2020-10-13;Week. (B);OlimoLeague Week #206;Dark;Solar;2;1;3;B;1
2020-10-13;Showm. (B);Alpha X Series #25;Dream;Solar;3;5;7;B;0
2020-10-13;Week. (B);ESL Open Cup #40 Americas;MaxPax;Solar;1;3;5;B;0
2020-10-13;Week. (B);ESL Open Cup #40 Americas;Nice;Solar;0;3;5;B;0
2020-10-13;Week. (B);OlimoLeague Week #206;Firefly;Solar;0;2;3;B;0
2020-10-13;Week. (B);OlimoLeague Week #206;ByuN;Solar;1;2;3;B;0
2020-10-12;Week. (B);ESL Open Cup #40 Korea;Rogue;Solar;3;1;5;B;1
2020-10-12;Week. (B);ESL Open Cup #40 Korea;Nice;Solar;0;2;3;B;0
2020-10-12;Week. (B);ESL Open Cup #40 Korea;Silky;Solar;0;2;3;B;0
2020-10-12;Week. (B);ESL Open Cup #40 Korea;MISH;Solar;0;2;3;B;0
2020-10-12;Week. (B);ESL Open Cup #40 Americas;Nina;Solar;0;2;3;B;0
2020-10-12;Week. (B);ESL Open Cup #40 Americas;Nitix;Solar;0;2;3;B;0
2020-10-12;Week. (B);ESL Open Cup #40 Americas;Jenasin;Solar;0;2;3;B;0
2020-10-09;A-Tier;GTC 2020 Fall Allstars;Dream;Solar;4;2;5;A;1
2020-10-09;A-Tier;GTC 2020 Fall Allstars;Cure;Solar;2;3;5;A;0
2020-10-08;A-Tier;GTC 2020 Fall Allstars;MacSed;Solar;1;3;5;A;0
2020-10-08;Week. (B);ITaX Trovo Weekly #5;Dream;Solar;2;4;5;B;0
2020-10-07;Week. (B);ITaX Trovo Weekly #5;Hurricane;Solar;1;3;5;B;0
2020-10-06;Week. (B);OlimoLeague Week #205;Creator;Solar;2;0;3;B;1
2020-10-06;Week. (B);ESL Open Cup #39 Americas;MaxPax;Solar;0;3;5;B;0
2020-10-06;Week. (B);ESL Open Cup #39 Americas;Cham;Solar;0;3;5;B;0
2020-10-06;Week. (B);OlimoLeague Week #205;HHH;Solar;0;2;3;B;0
2020-10-06;Week. (B);OlimoLeague Week #205;BYE;Solar;0;1;1;B;0
2020-10-05;Week. (B);ESL Open Cup #39 Korea;Trap;Solar;1;3;5;B;0
2020-10-05;Week. (B);ESL Open Cup #39 Korea;SpeCial;Solar;1;3;5;B;0
2020-10-05;Week. (B);ESL Open Cup #39 Korea;Hurricane;Solar;0;2;3;B;0
2020-10-05;Week. (B);ESL Open Cup #39 Korea;Firefly;Solar;1;2;3;B;0
2020-10-05;Week. (B);ESL Open Cup #39 Americas;Armani;Solar;1;2;3;B;0
2020-10-05;Week. (B);ESL Open Cup #39 Americas;ShaDoWn;Solar;0;2;3;B;0
2020-10-05;Week. (B);ESL Open Cup #39 Americas;Rhizer;Solar;0;2;3;B;0
2020-10-03;Mon. (B);Masters Cup 144 - Playoffs;SKillous;Solar;3;2;5;B;1
2020-10-03;Mon. (B);Masters Cup 144 - Playoffs;starkiller;Solar;1;3;5;B;0
2020-09-29;Mon. (B);Masters Cup 144 - Playoffs;MaxPax;Solar;2;0;3;B;1
2020-09-29;B-Tier;ITaX Super Series #25;Creator;Solar;1;4;5;B;0
2020-09-29;B-Tier;ITaX Super Series #25;Dream;Solar;1;3;5;B;0
2020-09-28;Week. (B);ESL Open Cup #38 Americas;goblin;Solar;2;1;3;B;1
2020-09-28;Week. (B);ESL Open Cup #38 Americas;Creed;Solar;0;2;3;B;0
2020-09-28;Week. (B);ESL Open Cup #38 Americas;Nerazim;Solar;0;2;3;B;0
2020-09-27;Qual. (S);King of Battles: KB International Championship: Qualifiers - Bracket;Cure;Solar;2;0;3;S;1
2020-09-27;Qual. (S);King of Battles: KB International Championship: Qualifiers - Bracket;Trap;Solar;2;1;3;S;1
2020-09-27;Qual. (S);King of Battles: KB International Championship: Qualifiers - Bracket;ByuN;Solar;1;2;3;S;0
2020-09-27;Qual. (S);King of Battles: KB International Championship: Qualifiers - Bracket;Cure;Solar;1;2;3;S;0
2020-09-27;Qual. (S);King of Battles: KB International Championship: Qualifiers - Bracket;Bunny;Solar;1;2;3;S;0
2020-09-26;S-Tier;2020 GSL Season 3 - Group Stage #2 (Ro16);Cure;Solar;2;0;3;S;1
2020-09-26;S-Tier;2020 GSL Season 3 - Group Stage #2 (Ro16);Zest;Solar;2;1;3;S;1
2020-09-25;Qual. (S);King of Battles: KB International Championship: Qualifiers - Bracket;Dream;Solar;2;1;3;S;1
2020-09-22;Mon. (B);OlimoLeague Monthly Finals: September 2020;Stats;Solar;4;2;5;B;1
2020-09-22;Mon. (B);OlimoLeague Monthly Finals: September 2020;Firefly;Solar;0;3;5;B;0
2020-09-22;Mon. (B);OlimoLeague Monthly Finals: September 2020;BYE;Solar;0;1;1;B;0
2020-09-19;Week. (B);OSC King of the Hill Weekly #40;Bee;Solar;0;1;1;B;0
2020-09-19;Week. (B);OSC King of the Hill Weekly #40;Ryan;Solar;0;1;1;B;0
2020-09-19;Week. (B);OSC King of the Hill Weekly #40;Vanya;Solar;0;1;1;B;0
2100-01-01;B-Tier;OSC Championship Season 3 - Bracket;ByuN;Solar;1;3;5;B;0
2100-01-01;B-Tier;OSC Championship Season 3 - Bracket;ByuN;Solar;1;3;5;B;0
2100-01-01;B-Tier;OSC Championship Season 3 - Bracket;EnDerr;Solar;0;3;5;B;0
2100-01-01;B-Tier;OSC Championship Season 3 - Bracket;Snute;Solar;2;3;5;B;0
2100-01-01;B-Tier;OSC Championship Season 3 - Bracket;HuK;Solar;0;3;5;B;0
